gene_id	ff_log2FC	cre_log2FC	ff_padj	cre_padj	same_direction	direction
ENSMUSG00000036390	3.37873003511734	3.51628381182173	0.0	0.0	True	ipsi_up
ENSMUSG00000026628	5.68928163041582	5.97087651689662	0.0	0.0	True	ipsi_up
ENSMUSG00000051379	3.43244005995117	3.75342209906902	0.0	0.0	True	ipsi_up
ENSMUSG00000063632	3.0510498914263	3.27322619438355	2.2397592254297e-311	0.0	True	ipsi_up
ENSMUSG00000052684	1.6765574895019	1.92466208007051	2.54376184803662e-306	0.0	True	ipsi_up
ENSMUSG00000073680	5.08308445413073	5.54718215950102	7.85189825329407e-281	4.51503789775691e-277	True	ipsi_up
ENSMUSG00000019647	3.30299096878456	3.51563819831424	8.82546728371365e-281	3.4649280566e-314	True	ipsi_up
ENSMUSG00000001473	2.33856023248406	2.17804187964076	1.28886648329636e-221	2.37041602016918e-194	True	ipsi_up
ENSMUSG00000031574	3.89863835175833	3.94265223732176	7.72057936747386e-194	5.587445827869679e-185	True	ipsi_up
ENSMUSG00000042816	4.10296832037442	4.65751605272948	1.45559666029582e-191	9.84019520360142e-223	True	ipsi_up
ENSMUSG00000003752	1.69126177770772	1.72179335266923	4.93089298419735e-172	1.4707194723261902e-173	True	ipsi_up
ENSMUSG00000004951	1.11299809262231	1.15400372698632	9.6096561906911e-165	5.3435975268232185e-177	True	ipsi_up
ENSMUSG00000039328	1.85943629239013	1.94874145625898	3.40308930106177e-163	4.91416521747569e-177	True	ipsi_up
ENSMUSG00000038059	2.86215550132	2.69216254781066	2.3759748868512502e-151	2.33409321371415e-134	True	ipsi_up
ENSMUSG00000028494	1.20499189313317	1.199389952076	1.59292919936682e-150	4.65914143607006e-149	True	ipsi_up
ENSMUSG00000030898	5.49531729321819	6.17845771760935	4.08665076111395e-150	2.12020260188704e-146	True	ipsi_up
ENSMUSG00000046223	2.75807170550098	3.12497870564791	1.0933163937509101e-149	7.47365737573838e-186	True	ipsi_up
ENSMUSG00000050164	2.3016987637016	2.33155773759956	1.0933163937509101e-149	1.43752447033375e-149	True	ipsi_up
ENSMUSG00000030102	1.79319857043231	1.63859398402026	1.7063785935539203e-148	5.74511016740733e-125	True	ipsi_up
ENSMUSG00000022044	2.05615651012554	2.07391787287171	3.4027370343269797e-147	3.3915611392442007e-149	True	ipsi_up
ENSMUSG00000037428	1.75043076387156	2.23334483939714	1.32356941407561e-140	5.76331494721509e-228	True	ipsi_up
ENSMUSG00000046731	1.58314741232903	1.63392703070226	2.82896344329465e-138	9.91786079604062e-145	True	ipsi_up
ENSMUSG00000056749	1.92776649164058	1.94436523806295	3.8542150556000296e-138	1.96122694464093e-137	True	ipsi_up
ENSMUSG00000025473	2.49920151170569	2.67016631453317	2.3688569896160102e-136	1.3013650919099301e-152	True	ipsi_up
ENSMUSG00000014599	2.20076236473037	1.99222586895281	1.96021859101366e-133	5.99850010961317e-110	True	ipsi_up
ENSMUSG00000022895	1.115272113037	1.13335063437207	6.30011865929137e-131	5.78863168363856e-135	True	ipsi_up
ENSMUSG00000019876	1.27026388604818	1.29063197350217	2.2851481195142498e-130	2.6528457901367297e-134	True	ipsi_up
ENSMUSG00000033902	1.81878305346207	1.82585789644729	3.16375385349961e-130	6.77623574812523e-131	True	ipsi_up
ENSMUSG00000046688	1.75700496315873	1.91971429402471	1.13683883480306e-129	2.0977697748705898e-153	True	ipsi_up
ENSMUSG00000015652	2.51170009765881	2.67526035113891	1.94488105128105e-127	2.18435766217079e-136	True	ipsi_up
ENSMUSG00000031074	7.34053327955246	7.7778419559648	2.5178756993514597e-125	6.59518619247913e-93	True	ipsi_up
ENSMUSG00000032515	2.15549929108877	2.16141638893824	2.08789054280667e-124	1.6546522641626098e-122	True	ipsi_up
ENSMUSG00000020427	3.01648451724021	2.81230142064615	3.48862185475458e-124	3.93679399651497e-108	True	ipsi_up
ENSMUSG00000023905	2.45326718152199	2.51087707860323	1.06228141750384e-123	2.71808273027486e-128	True	ipsi_up
ENSMUSG00000024143	1.4294961620391	1.53293614421736	1.52687490411292e-118	4.21688329526232e-136	True	ipsi_up
ENSMUSG00000117324	5.08153551898473	5.20557186540359	2.7876062208426804e-117	6.13308687994978e-107	True	ipsi_up
ENSMUSG00000000078	1.19974749101104	1.15718862566327	7.82585696823992e-113	4.07866158856008e-105	True	ipsi_up
ENSMUSG00000037447	1.63705951326896	1.8055691627389	2.97819395762192e-111	5.8822792146475704e-133	True	ipsi_up
ENSMUSG00000027611	3.51041902217287	2.89149901664077	9.37240123958315e-111	5.95176779791718e-78	True	ipsi_up
ENSMUSG00000032802	1.34785554604822	1.43039735984769	1.8069687774820802e-110	2.151257841411e-124	True	ipsi_up
ENSMUSG00000025612	0.948057292750674	0.947772873917866	2.49175291567344e-108	1.7261999537147e-108	True	ipsi_up
ENSMUSG00000044934	1.54903288269925	1.50241114681761	1.53871168799383e-107	2.13467211274767e-101	True	ipsi_up
ENSMUSG00000021765	2.59827682454213	2.86047565011735	1.25324342209122e-105	7.250388529033989e-122	True	ipsi_up
ENSMUSG00000001054	0.8477967837941	0.876378666719636	3.53463200563426e-104	6.04660185829642e-111	True	ipsi_up
ENSMUSG00000109901	0.988443550606891	1.0045055282297	2.12083359954239e-99	9.370895127355789e-103	True	ipsi_up
ENSMUSG00000058093	1.59390560196	1.63369688646298	2.4441103270807494e-99	2.11720106518935e-103	True	ipsi_up
ENSMUSG00000087006	0.974932859556528	1.06897963115035	2.67979556570134e-99	3.72183339546027e-119	True	ipsi_up
ENSMUSG00000030256	1.05799532367242	1.17199794359236	1.26468694609416e-97	3.66096663438029e-119	True	ipsi_up
ENSMUSG00000028226	1.7623794633233	1.80887618193392	1.18658631523479e-96	6.32470027290624e-101	True	ipsi_up
ENSMUSG00000027495	1.39473677957564	1.43647621096385	1.31358411211631e-96	9.46234804735524e-102	True	ipsi_up
ENSMUSG00000037705	1.43890527003797	1.55923686228411	4.2977996394521395e-96	6.04660185829642e-111	True	ipsi_up
ENSMUSG00000048807	0.855379036315207	0.885342916653973	8.08698121164713e-96	1.32654820656993e-101	True	ipsi_up
ENSMUSG00000025348	1.75651891989542	1.97624146955947	9.57770266804654e-95	8.89135933051804e-120	True	ipsi_up
ENSMUSG00000041831	0.90829567800532	0.953391052009884	1.24350650525986e-94	1.46939772602137e-103	True	ipsi_up
ENSMUSG00000030748	0.930397873445374	1.09624298779403	1.45209973429784e-94	1.06068429572554e-129	True	ipsi_up
ENSMUSG00000023067	1.49626876590554	1.60422929835886	4.4215787540583e-94	5.1981941187660995e-108	True	ipsi_up
ENSMUSG00000024404	0.736785745393006	0.784774479269532	7.22928040412794e-94	1.79384525188019e-106	True	ipsi_up
ENSMUSG00000030272	1.60370048111519	1.59438841486393	4.23947988132658e-93	5.3837467691076894e-92	True	ipsi_up
ENSMUSG00000061950	0.805477276039713	0.848885797648615	1.9560006064653495e-92	3.51393198879379e-102	True	ipsi_up
ENSMUSG00000025089	1.19231208629891	1.37916750420633	1.19433844136492e-91	1.9761897006972896e-122	True	ipsi_up
ENSMUSG00000050989	0.910213270145839	0.896979637836319	3.968380350436241e-91	6.42976589820411e-88	True	ipsi_up
ENSMUSG00000003644	0.939932415632043	0.889764163358997	1.05395822461522e-90	1.82726461947389e-81	True	ipsi_up
ENSMUSG00000024691	1.56627425436342	1.50437075332768	2.76205111370854e-90	3.62070477324306e-83	True	ipsi_up
ENSMUSG00000029552	1.49080363375379	1.44843992482711	4.45821854642324e-90	4.1103282744691e-85	True	ipsi_up
ENSMUSG00000038650	1.03607360160163	1.11612794237668	2.84057468459075e-89	1.6248932474581e-103	True	ipsi_up
ENSMUSG00000024891	1.60546209561962	1.8186967616482	4.59978895505971e-88	7.01699489330153e-110	True	ipsi_up
ENSMUSG00000030095	1.14961706051347	1.13428442201159	5.326808755027701e-88	9.29859084141097e-86	True	ipsi_up
ENSMUSG00000001542	1.08078653704679	1.10440607218199	1.70832102203546e-86	5.2468022045592e-90	True	ipsi_up
ENSMUSG00000020205	1.52616056380393	1.56401869950507	2.21262466340222e-86	2.69734001033328e-90	True	ipsi_up
ENSMUSG00000029378	4.25793007497638	4.41847527446124	6.43886056612932e-84	1.89082553514498e-80	True	ipsi_up
ENSMUSG00000036160	0.82198831677016	0.810102379686637	1.13410301461847e-83	1.81730543941702e-81	True	ipsi_up
ENSMUSG00000006304	0.436833792396224	0.48965436083764	5.621340261253049e-83	1.8971012642673705e-104	True	ipsi_up
ENSMUSG00000020737	0.618016672920125	0.633607765157268	2.62111068491527e-82	1.36711520500523e-86	True	ipsi_up
ENSMUSG00000028896	1.32022951457316	1.29624676922103	2.36740031577376e-79	2.3447869777869e-76	True	ipsi_up
ENSMUSG00000121792	2.92075429151656	2.86428552299127	6.20197032798281e-79	3.74339771111101e-73	True	ipsi_up
ENSMUSG00000024256	2.01813266969422	1.97678882135342	1.5526293517902199e-78	1.77362255846495e-75	True	ipsi_up
ENSMUSG00000033060	2.00415657546696	2.06499216521104	1.5595098137138798e-78	2.71330252105026e-83	True	ipsi_up
ENSMUSG00000024883	3.31476744966049	2.97754832589864	4.74321596033061e-78	1.54590708434372e-66	True	ipsi_up
ENSMUSG00000002459	2.03963532406479	2.07291912760623	3.1769089200057803e-76	8.75192348188111e-76	True	ipsi_up
ENSMUSG00000040151	0.579193873014709	0.725295073034696	1.49602644040091e-75	2.56501809276013e-117	True	ipsi_up
ENSMUSG00000015745	1.02236395550341	1.02105078311582	2.09160348558103e-75	4.40799304051144e-75	True	ipsi_up
ENSMUSG00000029201	1.08810668242747	0.986309862627801	2.09160348558103e-75	3.4640636106716298e-62	True	ipsi_up
ENSMUSG00000037568	2.06705231032606	1.97059562346033	1.14747879677742e-74	7.76958556072288e-68	True	ipsi_up
ENSMUSG00000058153	2.27077033922601	2.45373237218184	4.37251178638825e-74	5.6195532538348696e-86	True	ipsi_up
ENSMUSG00000034832	1.23420707920634	1.23534850639962	4.82048959701715e-74	2.7302679976876007e-74	True	ipsi_up
ENSMUSG00000027313	1.88753488869266	1.72646873028431	2.03482920660258e-73	6.45066244035555e-61	True	ipsi_up
ENSMUSG00000021453	1.94612845488101	1.99475475800274	2.96853460864612e-73	9.19501807389068e-77	True	ipsi_up
ENSMUSG00000054855	2.21520686248992	2.07062523252239	3.53963366887919e-73	1.91949215910311e-62	True	ipsi_up
ENSMUSG00000026836	0.91940136656113	0.955644887796747	6.54313482201837e-72	3.1721142830104e-78	True	ipsi_up
ENSMUSG00000033983	1.00218273590885	1.1389183514585	1.10651683768915e-71	1.2810959098417102e-91	True	ipsi_up
ENSMUSG00000031681	0.878725879893894	0.983270335299482	2.28603938508598e-71	1.10956166873857e-88	True	ipsi_up
ENSMUSG00000024664	0.809367531473477	1.00185891536629	5.59510508179398e-71	1.91834839487244e-108	True	ipsi_up
ENSMUSG00000066838	1.30868610095102	1.2801482944195	7.95612233710728e-71	3.77786432325216e-67	True	ipsi_up
ENSMUSG00000021070	1.65977734500294	1.69659692127381	2.12920043622386e-70	1.15614720845143e-73	True	ipsi_up
ENSMUSG00000034300	1.10620353868901	1.24816015167028	4.4857535902319896e-70	5.83649498957809e-89	True	ipsi_up
ENSMUSG00000030681	0.914671159910995	1.12544628666141	5.35175962091363e-70	4.1668931655019e-105	True	ipsi_up
ENSMUSG00000026670	0.547227483429856	0.577352474427214	9.58065067210312e-70	9.57550255257861e-78	True	ipsi_up
ENSMUSG00000041870	0.865075392247573	0.861504954851536	3.85350571264044e-69	1.32019659653555e-68	True	ipsi_up
ENSMUSG00000101797	3.49337757776868	3.54967493052863	8.13512952642909e-69	4.8230781014373904e-65	True	ipsi_up
ENSMUSG00000042688	0.863235863699504	0.938584477936297	4.49873809626167e-68	3.27672883962135e-80	True	ipsi_up
ENSMUSG00000079442	1.42354800852287	1.48356645015516	5.07242223663873e-68	1.15614720845143e-73	True	ipsi_up
ENSMUSG00000039232	1.48983186039963	1.3684203360128	1.24852443129766e-67	3.1070434454229996e-57	True	ipsi_up
ENSMUSG00000026558	1.1591962260635	1.32331034563107	4.0892200028335e-67	3.26849439204483e-87	True	ipsi_up
ENSMUSG00000043003	1.54811740662475	1.75214366291744	8.444692329188861e-67	5.14241386433082e-82	True	ipsi_up
ENSMUSG00000035621	0.822861784270851	0.962876956637273	9.30210228193785e-67	6.46783534580301e-91	True	ipsi_up
ENSMUSG00000002250	0.804692004869877	0.832678180172722	3.6003591168475003e-66	2.7529147935552797e-70	True	ipsi_up
ENSMUSG00000007041	0.767056922976929	0.75501541448607	1.03620567526522e-65	7.83733597611042e-64	True	ipsi_up
ENSMUSG00000025648	1.2320837950873	1.25755163527525	1.21490172213988e-65	2.7117168082951e-68	True	ipsi_up
ENSMUSG00000000278	1.11666257761305	1.01406513400341	1.92817753684783e-65	2.86307405200776e-54	True	ipsi_up
ENSMUSG00000048216	0.806592006941188	0.946796221924008	4.32366091741815e-65	3.18466983895633e-87	True	ipsi_up
ENSMUSG00000035828	0.868380075804867	0.870109371356135	5.90663952287947e-65	3.13794087120452e-65	True	ipsi_up
ENSMUSG00000044734	1.42240288212206	1.47126474021318	7.5160624305780995e-65	1.94671384763213e-69	True	ipsi_up
ENSMUSG00000037280	1.59768881831295	1.9154103278357	1.01994162818349e-64	1.0408042983738e-85	True	ipsi_up
ENSMUSG00000018736	0.560872063021854	0.591144036464466	3.16531461132419e-64	2.23359327131244e-71	True	ipsi_up
ENSMUSG00000056076	0.511747209210565	0.551977120204718	1.82038400166466e-63	8.50129994135488e-74	True	ipsi_up
ENSMUSG00000025239	0.799876198480955	0.704258875585478	1.92321259756701e-62	1.10316730940209e-48	True	ipsi_up
ENSMUSG00000038943	1.28717690287135	1.43958397494591	3.1193948897959197e-62	2.1797368756422102e-76	True	ipsi_up
ENSMUSG00000035671	0.95999960480056	1.04110953561979	6.280215213682489e-62	1.63102731654271e-72	True	ipsi_up
ENSMUSG00000043091	1.51771884075976	1.28236364542715	7.05717853078714e-62	1.9915562915221104e-44	True	ipsi_up
ENSMUSG00000004846	0.615719162406544	0.754671974471102	7.492563411023369e-62	6.0199540676497896e-92	True	ipsi_up
ENSMUSG00000032578	1.35809020158923	1.39258385946212	1.0649056624757e-61	2.05959239413293e-64	True	ipsi_up
ENSMUSG00000011179	1.02390749112415	0.98124577341965	1.15481464065592e-61	7.78491167495649e-57	True	ipsi_up
ENSMUSG00000037638	1.06349227881856	1.1344852710992	2.5500933127193603e-61	4.12449694494182e-69	True	ipsi_up
ENSMUSG00000032641	1.02477326001147	1.10710900804458	2.68363976140827e-61	1.9033748569468299e-69	True	ipsi_up
ENSMUSG00000120463	1.9575790903627	2.05471267873659	5.187141407256361e-61	1.81245667391955e-61	True	ipsi_up
ENSMUSG00000027198	0.735023024675765	0.78953289110205	7.175630759872041e-61	3.23497093641543e-70	True	ipsi_up
ENSMUSG00000037458	0.878533981120218	0.969522938162916	1.37267121042439e-60	9.20211586010028e-74	True	ipsi_up
ENSMUSG00000024376	1.50140784770186	1.56317012031043	1.37267121042439e-60	1.24570001126059e-64	True	ipsi_up
ENSMUSG00000042804	0.883675422134307	0.95327245023881	1.77801311253563e-60	2.4783936937510895e-70	True	ipsi_up
ENSMUSG00000035673	1.37487374752603	1.66009074667257	4.38333875065677e-60	4.12104246374812e-87	True	ipsi_up
ENSMUSG00000028793	0.797819642490499	0.943766062318876	1.19991352196145e-59	2.95061607967968e-83	True	ipsi_up
ENSMUSG00000015341	0.590040156880068	0.547775580775813	1.92397475222033e-59	1.97894622360901e-51	True	ipsi_up
ENSMUSG00000042507	0.662184449206093	0.685738870137499	7.686602781395451e-58	5.6834348210929295e-62	True	ipsi_up
ENSMUSG00000025337	0.472971434068129	0.505868278943645	7.01114449128816e-57	2.3089196342805e-65	True	ipsi_up
ENSMUSG00000027540	0.808239678130482	0.826467827439016	7.92045603971449e-57	2.42713368557639e-59	True	ipsi_up
ENSMUSG00000024785	0.78167768880415	0.7582535198256	2.30483591210552e-56	3.3873545846343105e-52	True	ipsi_up
ENSMUSG00000048482	1.21930117931313	1.41629307937827	2.60720740036783e-56	1.6417629369629e-75	True	ipsi_up
ENSMUSG00000109770	4.03533168849208	3.77886256265642	3.3212100414614297e-56	4.17409689696193e-53	True	ipsi_up
ENSMUSG00000050359	5.50681304986434	5.43689050454909	4.837815492765698e-56	6.3322253031015785e-55	True	ipsi_up
ENSMUSG00000024261	0.816850686319766	1.01326724621317	8.73116893625876e-56	1.02771191964974e-85	True	ipsi_up
ENSMUSG00000068566	0.88784378795915	1.03851693495223	2.54863444236954e-55	1.56491205531868e-75	True	ipsi_up
ENSMUSG00000100426	2.54500263186882	2.61480719621308	5.7567455090815185e-55	1.2379189921266698e-56	True	ipsi_up
ENSMUSG00000021501	0.506076177060952	0.56883080694246	7.75323424762048e-55	6.170533415846268e-69	True	ipsi_up
ENSMUSG00000038023	0.566746072276203	0.588352080404626	1.07056096357186e-54	8.0894127840978e-59	True	ipsi_up
ENSMUSG00000021400	0.51732108200989	0.617828900476253	1.26643268870407e-54	1.0068097863180899e-77	True	ipsi_up
ENSMUSG00000007812	0.634863472090088	0.695168103340416	1.25999001822534e-53	4.6636053334994497e-64	True	ipsi_up
ENSMUSG00000063889	1.11110912302789	0.994592757145503	3.40918079210812e-53	2.49394078499624e-43	True	ipsi_up
ENSMUSG00000003153	0.59936719875681	0.727123955029513	1.09385234757227e-52	2.78303780326365e-77	True	ipsi_up
ENSMUSG00000038894	1.11230051519317	1.27105817932839	1.71051390079725e-52	2.32307660508684e-68	True	ipsi_up
ENSMUSG00000055723	1.13371822245692	0.985695654752482	4.72670519805964e-52	1.37277797113674e-39	True	ipsi_up
ENSMUSG00000039473	0.817663090680337	0.924146034187637	1.58813488705732e-51	1.44106313437707e-65	True	ipsi_up
ENSMUSG00000020248	0.625211838889083	0.537767628627024	2.54174372576134e-51	3.2716397128233e-38	True	ipsi_up
ENSMUSG00000027583	0.955968151725823	1.00698275755548	5.96475335652852e-51	2.42023823540564e-56	True	ipsi_up
ENSMUSG00000027597	0.603160106302871	0.596176756422	7.65246011076097e-51	7.69748035109842e-50	True	ipsi_up
ENSMUSG00000028156	0.78072908429726	0.763959377440845	7.99885214330478e-51	9.51249764002743e-49	True	ipsi_up
ENSMUSG00000005069	0.630870737394914	0.705439453051119	8.17121758168978e-51	2.47960057953239e-63	True	ipsi_up
ENSMUSG00000026796	0.816089537223925	0.892709782026478	1.27380041667532e-50	1.3821865367847802e-60	True	ipsi_up
ENSMUSG00000002233	1.2157287190094	1.16269987296316	1.40408437722892e-50	2.0085609079303e-46	True	ipsi_up
ENSMUSG00000027035	1.05711046868363	1.13352589281624	2.08871601833148e-49	1.6134208662788698e-56	True	ipsi_up
ENSMUSG00000014195	0.398259631250306	0.488293966556926	4.10165616446345e-49	1.01425778216344e-73	True	ipsi_up
ENSMUSG00000044364	1.73088177046713	1.60872202712932	6.73878515462322e-49	2.5277261280955197e-42	True	ipsi_up
ENSMUSG00000039954	0.93549226222883	1.04224093057216	1.44527184699637e-48	1.97998964456959e-59	True	ipsi_up
ENSMUSG00000030057	0.445379716337678	0.392438056380237	1.52415026613671e-48	5.92133067845211e-38	True	ipsi_up
ENSMUSG00000029518	0.45718842246422	0.522773894572223	2.03940930799089e-48	2.96124591725134e-63	True	ipsi_up
ENSMUSG00000036002	0.939240756626883	1.04342438002122	2.43648272008786e-48	1.46849753929612e-59	True	ipsi_up
ENSMUSG00000022661	0.456902092039631	0.499275414500721	3.3051477203949e-48	1.05005372258676e-57	True	ipsi_up
ENSMUSG00000032280	0.756036181030859	0.739145952765151	3.77210023969844e-48	4.3968865826101105e-46	True	ipsi_up
ENSMUSG00000040511	1.06957401267818	1.17659414916235	9.2192931678357e-48	5.24604631094219e-57	True	ipsi_up
ENSMUSG00000040312	1.57700349679055	1.52107958644511	1.10809495758421e-47	3.25363707158991e-44	True	ipsi_up
ENSMUSG00000025746	3.40316593389207	4.38540533326156	2.99638306593586e-47	1.53608811767856e-46	True	ipsi_up
ENSMUSG00000011008	2.65386811570454	2.65756708529084	3.39176520369618e-47	1.43245398057344e-47	True	ipsi_up
ENSMUSG00000022272	1.25798769086365	1.26021968263811	3.77375198759878e-47	2.5483886574285204e-47	True	ipsi_up
ENSMUSG00000020580	0.693271971491061	0.665847399753719	4.385044470074261e-47	1.39231331817345e-43	True	ipsi_up
ENSMUSG00000078532	1.39386798570569	1.71892343954909	6.60425167098873e-47	2.52334399011532e-69	True	ipsi_up
ENSMUSG00000028645	1.19833562709403	1.25866313536895	6.6528827848901104e-46	1.27115852986203e-50	True	ipsi_up
ENSMUSG00000026655	0.612539415484481	0.684758021933115	1.65253360989487e-45	7.95637891176879e-57	True	ipsi_up
ENSMUSG00000041548	0.3019499837146	0.331957665682108	3.50778314918902e-45	9.4255292475996e-55	True	ipsi_up
ENSMUSG00000005087	0.811134776117045	1.08289231449519	5.0857907831904804e-45	4.73607388033038e-80	True	ipsi_up
ENSMUSG00000021140	1.03687065678445	1.19498800746084	5.20621747946244e-45	1.0157560548304001e-59	True	ipsi_up
ENSMUSG00000030878	0.45622469731511	0.471934290285473	8.24540860327425e-45	5.74315655698017e-48	True	ipsi_up
ENSMUSG00000022096	1.10666263643042	1.14142151706998	1.13945228390563e-44	2.74381424961121e-47	True	ipsi_up
ENSMUSG00000051343	0.734214368297686	0.796946276399833	1.37016812298667e-44	1.5450157640013504e-52	True	ipsi_up
ENSMUSG00000021996	0.599423808272158	0.580478241845817	4.1380864861836e-44	1.55893546637028e-41	True	ipsi_up
ENSMUSG00000026675	0.743022659129474	0.814341719385433	6.53223123251924e-44	9.37405041678602e-53	True	ipsi_up
ENSMUSG00000029641	2.13050300900082	2.01990765964991	1.1278481177902998e-43	9.04109597219751e-40	True	ipsi_up
ENSMUSG00000005370	1.03078734575424	1.08545205694241	1.19172466238675e-43	2.5376429584051e-48	True	ipsi_up
ENSMUSG00000029135	1.49310606738511	1.24303731437839	1.68393657579668e-43	1.66556201184639e-30	True	ipsi_up
ENSMUSG00000054136	6.81522470961713	7.20494447133697	2.22185927770107e-43	1.70518212129317e-30	True	ipsi_up
ENSMUSG00000022607	0.553074669382467	0.561495569681502	2.87542575288217e-43	1.5326833425983502e-44	True	ipsi_up
ENSMUSG00000048490	1.05881492242623	1.11013265232842	3.26877153393049e-43	1.69945796222979e-47	True	ipsi_up
ENSMUSG00000024521	2.18761642036719	2.04699683136343	4.60822776796283e-43	1.07362812954733e-37	True	ipsi_up
ENSMUSG00000020142	0.751813960504499	0.913112717958908	5.70409575804755e-43	3.90106732287876e-63	True	ipsi_up
ENSMUSG00000050271	1.32333979589329	1.25384157844031	5.97778768069242e-43	1.72763089151767e-38	True	ipsi_up
ENSMUSG00000030677	1.79455296161153	1.59633056323926	6.0339330192791195e-43	8.96431385197976e-35	True	ipsi_up
ENSMUSG00000035392	0.574856910611547	0.579479667117241	9.59222753761383e-43	1.28568177895637e-43	True	ipsi_up
ENSMUSG00000043895	1.12365769884632	1.32988280675818	1.84105215205266e-42	5.96265453787008e-58	True	ipsi_up
ENSMUSG00000047368	0.60802403121334	0.635616243075566	2.4561162233408497e-42	3.56152040745299e-46	True	ipsi_up
ENSMUSG00000024772	0.633210996902025	0.644671620838117	2.91457096560958e-42	7.00766802814394e-44	True	ipsi_up
ENSMUSG00000028063	0.380138054776448	0.437690784729427	3.54916175484789e-42	5.49413260460188e-56	True	ipsi_up
ENSMUSG00000023169	0.904880744463087	0.921847878121557	4.30111253166092e-42	9.42512421505117e-44	True	ipsi_up
ENSMUSG00000028893	1.35917356814894	1.03567227540688	5.23663459417975e-42	5.46148080930046e-25	True	ipsi_up
ENSMUSG00000026317	0.601601883881385	0.573325382817627	2.50521191195757e-41	1.72752092547975e-37	True	ipsi_up
ENSMUSG00000037722	1.0534175588784	0.881752890027129	6.49165109416452e-41	2.9717214518847e-29	True	ipsi_up
ENSMUSG00000028789	0.508568528944186	0.62001273949268	6.86812424433723e-41	1.13126251427475e-60	True	ipsi_up
ENSMUSG00000074115	4.11731479674544	3.72269293574647	8.55182071194885e-41	3.41666727089011e-37	True	ipsi_up
ENSMUSG00000028145	0.57693584601662	0.547662892044293	8.77840241573066e-41	5.52766175670327e-37	True	ipsi_up
ENSMUSG00000025503	0.450993368309828	0.493086467613119	1.01260388255002e-40	9.66470557939842e-49	True	ipsi_up
ENSMUSG00000015316	4.09523917923679	4.66159478716864	1.1371609027459e-40	1.64143836367175e-33	True	ipsi_up
ENSMUSG00000063506	0.706694145000494	0.785916780298465	1.25019931050506e-40	3.77206247078604e-50	True	ipsi_up
ENSMUSG00000007458	0.351343283208656	0.347969499356417	1.3749040269744e-40	4.77765811724368e-40	True	ipsi_up
ENSMUSG00000040322	0.825542551933569	0.824119209736139	2.11962991548653e-40	1.5862062847798496e-40	True	ipsi_up
ENSMUSG00000028849	0.749385519090411	0.83365821429422	2.20314525569622e-40	5.595636609056749e-50	True	ipsi_up
ENSMUSG00000034247	0.835075625902456	0.873111042265059	2.2539022905719e-40	6.76997347016347e-44	True	ipsi_up
ENSMUSG00000040435	1.123688380869	1.10658391066985	4.850113916160179e-40	5.52320266938868e-39	True	ipsi_up
ENSMUSG00000037580	1.14464751317462	1.03856260440544	5.33635462787168e-40	2.07858437445831e-34	True	ipsi_up
ENSMUSG00000046854	1.12308177469568	1.13181946213948	6.2738380640241e-40	7.84159048782178e-40	True	ipsi_up
ENSMUSG00000079049	2.22959307818432	2.42450349807611	1.25496609857823e-39	4.65146951895364e-41	True	ipsi_up
ENSMUSG00000020064	0.619602297186217	0.606352072149416	2.14074085763628e-39	6.92612499280584e-38	True	ipsi_up
ENSMUSG00000039364	1.88078063899416	2.1975148315151	4.37890553927645e-39	3.60706845030987e-49	True	ipsi_up
ENSMUSG00000049303	0.625383202364323	0.644677836710598	4.3952924338175e-39	8.55661441300135e-42	True	ipsi_up
ENSMUSG00000020435	0.826914607276748	0.871981504248013	4.74397566120323e-39	1.95112695394097e-43	True	ipsi_up
ENSMUSG00000024014	1.0255753486901	1.09583294408876	4.88916852794511e-39	3.58129669177361e-44	True	ipsi_up
ENSMUSG00000023030	0.669592373356487	0.740183710234948	5.05771994404064e-39	9.57293759361105e-48	True	ipsi_up
ENSMUSG00000042726	0.738505562068873	0.752387893656091	1.16807620145206e-38	3.17550284266668e-40	True	ipsi_up
ENSMUSG00000023286	0.361871338020157	0.341089402062673	2.92771925850479e-38	2.6340873856297593e-34	True	ipsi_up
ENSMUSG00000045648	-0.959394202027219	-1.03308061029421	3.7043589046709e-38	7.0056627125834e-45	True	contra_up
ENSMUSG00000038267	0.921276304858477	0.954173682141407	4.7755870062938e-38	7.41197458772163e-41	True	ipsi_up
ENSMUSG00000001627	1.5688094336023	1.47333207370428	6.00857291122135e-38	1.23656689339077e-33	True	ipsi_up
ENSMUSG00000031545	0.335603645584642	0.436621571556275	6.55441425223091e-38	5.11248645825164e-64	True	ipsi_up
ENSMUSG00000020838	3.26524320727426	3.36608242734789	8.12311994851788e-38	7.44359240653639e-40	True	ipsi_up
ENSMUSG00000126371	1.52475741985061	1.70872723261972	9.19750288723066e-38	7.00344399391676e-47	True	ipsi_up
ENSMUSG00000024349	1.70805520676279	1.72679946784506	1.33697841562123e-37	4.11539755604947e-38	True	ipsi_up
ENSMUSG00000055078	0.980343894838135	1.0296471062644	1.66441708353405e-37	4.89431128015366e-41	True	ipsi_up
ENSMUSG00000050721	0.970968998900846	0.807437524141441	2.07533260950431e-37	3.28323937408468e-26	True	ipsi_up
ENSMUSG00000025809	0.515462671005975	0.593325119247245	3.65223485435403e-37	3.3562932131368196e-49	True	ipsi_up
ENSMUSG00000004768	0.610008729339647	0.59467795645055	6.92828457758525e-37	3.58693043646795e-35	True	ipsi_up
ENSMUSG00000026254	0.463585713367025	0.546982119681962	9.18377781442241e-37	4.56668346010863e-51	True	ipsi_up
ENSMUSG00000023387	2.35975810452752	2.90286558377865	1.15396921735114e-36	3.51906760909296e-46	True	ipsi_up
ENSMUSG00000037062	0.393512955360778	0.431568895225894	1.6943932341516698e-36	5.90605451243818e-44	True	ipsi_up
ENSMUSG00000029321	1.06655162659122	1.34304022226962	1.7792046814519002e-36	1.7298420298025e-55	True	ipsi_up
ENSMUSG00000026107	1.07273213532538	1.07847364464545	2.3821935936785297e-36	2.7997614118008695e-36	True	ipsi_up
ENSMUSG00000030029	0.845588702774942	0.739504518559272	3.2139417773043195e-36	8.21224855934458e-28	True	ipsi_up
ENSMUSG00000005667	0.695634894751563	0.729547161001019	3.4053861318853e-36	8.879338819113839e-40	True	ipsi_up
ENSMUSG00000034783	3.72937979145642	4.92451715009523	1.04821402380206e-35	8.221317704027911e-35	True	ipsi_up
ENSMUSG00000033039	0.780901283171575	0.849421041966884	1.2371613546949902e-35	3.41176485856121e-42	True	ipsi_up
ENSMUSG00000067787	0.40008817869792	0.437332471416587	1.52730992931217e-35	1.41247376533858e-42	True	ipsi_up
ENSMUSG00000042406	0.682521718919885	0.736606342064523	1.52730992931217e-35	2.12017476325209e-41	True	ipsi_up
ENSMUSG00000027293	0.542771754479059	0.603415840047724	2.2986170598847e-35	1.16989957722315e-43	True	ipsi_up
ENSMUSG00000055994	1.27184033207002	1.44820676719487	2.57854753734687e-35	1.82044997729917e-44	True	ipsi_up
ENSMUSG00000057561	0.447460157692255	0.521180885451026	2.6454345008424e-35	7.55032504777217e-48	True	ipsi_up
ENSMUSG00000106350	1.59483592317919	2.21357804507891	2.95144008053461e-35	9.588017445617149e-62	True	ipsi_up
ENSMUSG00000039879	0.731555015605256	0.772431666340563	2.95144008053461e-35	3.28994547758522e-39	True	ipsi_up
ENSMUSG00000010660	0.92561350592574	0.740637710999795	3.7807016018363703e-35	3.23746052907502e-23	True	ipsi_up
ENSMUSG00000031628	0.702876334217067	0.741540829429715	4.857663382081951e-35	2.2597706399103e-39	True	ipsi_up
ENSMUSG00000024360	0.393936383696875	0.398312866744821	4.98965977152102e-35	5.93201208562698e-36	True	ipsi_up
ENSMUSG00000069094	0.933093725954482	1.0386071137424	5.359907260296981e-35	4.33733270426206e-43	True	ipsi_up
ENSMUSG00000034245	-0.389179580538105	-0.405500914821462	8.58118333191776e-35	3.1953639607236e-38	True	contra_up
ENSMUSG00000020592	1.05087741398073	1.22155562617943	9.19002992344496e-35	9.235102521086071e-47	True	ipsi_up
ENSMUSG00000034591	0.737525052857622	0.90425103268926	9.37740302369838e-35	6.90497758443703e-52	True	ipsi_up
ENSMUSG00000038552	0.709226322085935	0.716152124803852	1.70488710721182e-34	2.02839080545436e-35	True	ipsi_up
ENSMUSG00000018507	0.543741415869205	0.775020568265511	1.93652049201025e-34	2.36882748411697e-69	True	ipsi_up
ENSMUSG00000046378	0.876904020877171	1.03597285562258	4.090010701332239e-34	2.06896621489448e-46	True	ipsi_up
ENSMUSG00000032939	0.383514738810099	0.60560843996304	4.74061201486879e-34	5.03019108455891e-84	True	ipsi_up
ENSMUSG00000023079	0.560408439298671	0.609861254390291	5.556391605050459e-34	1.5581845974196196e-40	True	ipsi_up
ENSMUSG00000050410	0.867947486570059	0.916402301953907	5.66782470554564e-34	3.71442838796325e-38	True	ipsi_up
ENSMUSG00000050064	1.17519757272722	1.08480847887542	8.84958792320133e-34	7.496756260353838e-29	True	ipsi_up
ENSMUSG00000099655	1.93621492990107	1.57980962991665	9.09031988727861e-34	2.3639616109533505e-23	True	ipsi_up
ENSMUSG00000027613	0.403888722382791	0.453828543769711	1.92826683975024e-33	2.7822696465101797e-42	True	ipsi_up
ENSMUSG00000001847	0.227316459269685	0.244113139226465	2.14365558376965e-33	1.19623505359698e-38	True	ipsi_up
ENSMUSG00000057531	0.641256301381565	0.659987246173681	2.1754697985351197e-33	1.59785200646457e-35	True	ipsi_up
ENSMUSG00000027560	1.1040670827878	1.26678405282884	2.64647885475203e-33	5.12450659781575e-43	True	ipsi_up
ENSMUSG00000103523	3.49592765164031	3.79947011455554	3.87649083684948e-33	1.1762077002503198e-30	True	ipsi_up
ENSMUSG00000024190	1.1815695795909	1.099728782246	4.2375049153856495e-33	8.86340325167275e-29	True	ipsi_up
ENSMUSG00000015243	1.00506427510947	1.20907985376611	6.9685549523123e-33	1.96844427856767e-47	True	ipsi_up
ENSMUSG00000022043	0.341341111157559	0.411959084544869	1.02140664708233e-32	1.34891661582984e-47	True	ipsi_up
ENSMUSG00000033316	0.647306430051411	0.704660970973415	2.52539299447507e-32	2.29270014283197e-38	True	ipsi_up
ENSMUSG00000040025	0.421448861868716	0.522753461913038	2.60351269222544e-32	4.65622391761205e-49	True	ipsi_up
ENSMUSG00000025351	0.801071078419042	0.636586411633822	2.78801888708168e-32	1.08707117788019e-20	True	ipsi_up
ENSMUSG00000022951	0.472113873796421	0.490745778650207	3.24990289882663e-32	8.11263779406469e-35	True	ipsi_up
ENSMUSG00000025408	0.964164843648177	1.06598307380302	3.47027095613768e-32	3.0453047618697e-39	True	ipsi_up
ENSMUSG00000059866	1.35853266438959	1.26107418352664	6.31124826925152e-32	3.10693490588911e-28	True	ipsi_up
ENSMUSG00000033350	0.673893780212838	0.554335362175514	7.62353823801752e-32	7.66018591774778e-22	True	ipsi_up
ENSMUSG00000055407	0.595940959004876	0.658839981826486	7.91499072346886e-32	6.78057977914916e-39	True	ipsi_up
ENSMUSG00000033955	0.566572003586267	0.611496953640706	8.14968515212554e-32	4.36689629188487e-37	True	ipsi_up
ENSMUSG00000042608	0.660936385501883	0.597379412573337	8.5856827646473e-32	3.7627216201502897e-26	True	ipsi_up
ENSMUSG00000020271	0.419416648762135	0.470655646762248	1.05356849285533e-31	6.36161379526183e-40	True	ipsi_up
ENSMUSG00000005950	0.736559757556245	0.835173262617397	1.1573412363680998e-31	6.78095654570014e-40	True	ipsi_up
ENSMUSG00000028869	0.42073414383467	0.490603416355499	1.2192894612105302e-31	4.79088865578663e-43	True	ipsi_up
ENSMUSG00000094002	0.79837725520485	0.698046080345228	1.23036174715103e-31	1.06974270137021e-24	True	ipsi_up
ENSMUSG00000031078	0.459108696598729	0.551923096653765	1.92171731543184e-31	2.19095739547635e-45	True	ipsi_up
ENSMUSG00000036437	1.12182472076187	1.14669638642367	2.72683387307507e-31	8.488242909161149e-33	True	ipsi_up
ENSMUSG00000050335	1.243598562178	1.19640308519802	3.4215470637173502e-31	4.47812200645091e-29	True	ipsi_up
ENSMUSG00000018362	0.564609623182477	0.70481245171663	3.59998358290724e-31	4.69047426599794e-48	True	ipsi_up
ENSMUSG00000057594	0.536367900832484	0.611995894419843	3.93701631575486e-31	1.52358484185271e-40	True	ipsi_up
ENSMUSG00000025139	0.375979507812257	0.462756401217802	5.18516360494208e-31	7.3840326435813e-47	True	ipsi_up
ENSMUSG00000028255	3.56382903617989	4.04431837275088	9.65807921186733e-31	7.92855502377066e-29	True	ipsi_up
ENSMUSG00000036478	0.696267492644477	0.723432094894434	9.79841342037676e-31	4.1639421196755e-33	True	ipsi_up
ENSMUSG00000030678	0.375066284430774	0.482287090013753	1.45497945323313e-30	2.3079132107184197e-50	True	ipsi_up
ENSMUSG00000035199	0.347451913772917	0.394636291424841	3.4866687740970694e-30	6.10337794530273e-39	True	ipsi_up
ENSMUSG00000052557	1.14481824526088	1.33699862956613	3.61630353957583e-30	4.42225586288967e-41	True	ipsi_up
ENSMUSG00000022602	1.16183234218334	1.20967278827846	4.8981661964671295e-30	4.78401950640664e-31	True	ipsi_up
ENSMUSG00000032902	0.524054581473424	0.46814425979045	4.8981661964671295e-30	2.87629801715639e-24	True	ipsi_up
ENSMUSG00000044017	0.897666839888962	0.887471080065101	5.945743936172e-30	6.97290329156828e-30	True	ipsi_up
ENSMUSG00000044147	0.374629963983374	0.318601954971255	8.77001333709786e-30	9.90209472198114e-22	True	ipsi_up
ENSMUSG00000021843	0.617722646082258	0.7679385571213	1.03182966718304e-29	5.5027481080551505e-46	True	ipsi_up
ENSMUSG00000073563	0.364592543137518	0.454729734685739	1.25028636773601e-29	5.82363820341309e-46	True	ipsi_up
ENSMUSG00000032231	0.18836399838076	0.236121643479748	1.57466411802174e-29	2.4208711503103502e-46	True	ipsi_up
ENSMUSG00000021411	0.868296319969779	0.668934271848219	2.09039186129993e-29	5.1022159296442395e-18	True	ipsi_up
ENSMUSG00000021133	0.491365780114863	0.594984213444026	2.7597177647256e-29	7.859128365952429e-43	True	ipsi_up
ENSMUSG00000059479	-0.701387686881189	-0.662074983116216	2.77391020325779e-29	2.0755681460754598e-26	True	contra_up
ENSMUSG00000050730	0.730494078163867	0.679052983534849	4.55355675847332e-29	2.56688008074937e-25	True	ipsi_up
ENSMUSG00000059923	0.293668003143643	0.352966841243634	5.50132720820335e-29	6.79734119985672e-42	True	ipsi_up
ENSMUSG00000029860	0.545227612992025	0.552585211305532	5.67508411175634e-29	6.66407362709223e-30	True	ipsi_up
ENSMUSG00000032078	0.364246725232465	0.423355781000009	5.738550011501948e-29	5.53230120785384e-39	True	ipsi_up
ENSMUSG00000010755	0.617036482365363	0.721057386576891	6.05109323494305e-29	3.34481784493273e-39	True	ipsi_up
ENSMUSG00000021990	0.701692994420961	0.860085442981187	6.68265715847151e-29	2.77037253925989e-43	True	ipsi_up
ENSMUSG00000031834	-0.349356755002943	-0.298552438995609	7.563062407156428e-29	1.9151886976189002e-21	True	contra_up
ENSMUSG00000026072	0.902457306956366	0.954855876183207	9.19550292532623e-29	9.438610713242859e-33	True	ipsi_up
ENSMUSG00000047604	0.872346865225525	0.945084741773803	1.42334183408303e-28	9.26737437931962e-33	True	ipsi_up
ENSMUSG00000139679	2.55092306712895	2.86701604213062	1.51828101051193e-28	1.7935759760872098e-30	True	ipsi_up
ENSMUSG00000038591	4.06843918571612	3.75398786801733	2.5574106433332e-28	6.70667147952285e-26	True	ipsi_up
ENSMUSG00000031485	0.461371596521152	0.473338097816564	3.05818672490072e-28	7.593930018658449e-30	True	ipsi_up
ENSMUSG00000029826	0.895476808433585	0.911739890840201	4.8411086841049e-28	4.32847504622684e-29	True	ipsi_up
ENSMUSG00000052681	0.496114403990292	0.40033369994474	6.6471488758252e-28	1.8227858982060597e-18	True	ipsi_up
ENSMUSG00000037536	0.472319319881526	0.479557322921054	7.97977216595623e-28	1.03007119446764e-28	True	ipsi_up
ENSMUSG00000027997	1.2530112485682	1.02314918951177	9.182193527783889e-28	3.75350800259066e-19	True	ipsi_up
ENSMUSG00000053436	0.383586998730702	0.515075062739594	1.58419725895223e-27	2.7834203939622897e-49	True	ipsi_up
ENSMUSG00000027584	-0.904440894471209	-1.00441524242231	1.58419725895223e-27	4.00609075185571e-34	True	contra_up
ENSMUSG00000026078	0.406011572092681	0.383439440519196	1.59840923359638e-27	4.279219288156211e-25	True	ipsi_up
ENSMUSG00000020015	0.457637515756017	0.505841545959923	2.61052855959662e-27	2.0867181220855e-33	True	ipsi_up
ENSMUSG00000044626	1.79349178113287	2.10831779713168	2.70822529026163e-27	9.67787817754629e-34	True	ipsi_up
ENSMUSG00000042121	0.611409357240072	0.732245049050792	4.76616489395006e-27	1.52723284971804e-38	True	ipsi_up
ENSMUSG00000022346	0.873830305677544	0.968895092725732	6.14775330910075e-27	3.8739631265122e-33	True	ipsi_up
ENSMUSG00000029131	0.229354034241888	0.259288521550681	8.78581109930794e-27	1.7598586713571099e-34	True	ipsi_up
ENSMUSG00000021091	0.635490980470293	0.825564775722583	1.1979082519896499e-26	8.342133576760172e-45	True	ipsi_up
ENSMUSG00000037411	4.17405791563264	3.3211346017843	1.20268489739074e-26	2.25605034440756e-17	True	ipsi_up
ENSMUSG00000144135	1.24270567133948	1.56538071038732	1.37940758597958e-26	2.5466526701393505e-39	True	ipsi_up
ENSMUSG00000054008	0.624188654304842	0.722694800844715	1.42282046379687e-26	1.36418030839921e-35	True	ipsi_up
ENSMUSG00000053091	0.649509477792121	0.773834764034125	1.48176675048598e-26	1.14185956744961e-37	True	ipsi_up
ENSMUSG00000045975	0.766761019108413	0.757411571245096	1.64582295472189e-26	5.79822639859197e-26	True	ipsi_up
ENSMUSG00000042246	0.689392357260496	0.771552397969812	1.75956719195461e-26	7.19775921267111e-33	True	ipsi_up
ENSMUSG00000029121	0.542597205375212	0.754646472098091	1.8288529183236e-26	7.59409279340484e-51	True	ipsi_up
ENSMUSG00000053113	1.71299525770735	1.91730059276864	1.95857047132407e-26	6.75417976373034e-33	True	ipsi_up
ENSMUSG00000061589	0.726710766917853	0.793967230300326	2.0526657579545198e-26	3.00189098547528e-31	True	ipsi_up
ENSMUSG00000032593	-0.811027932582714	-0.692989703717609	2.1096851681563003e-26	1.4724444886625e-19	True	contra_up
ENSMUSG00000039096	0.708036314022178	0.800722224487022	2.20482926545693e-26	1.92219241468675e-33	True	ipsi_up
ENSMUSG00000053716	0.66394379015063	0.663253912286926	3.45727851954177e-26	3.98797548551315e-26	True	ipsi_up
ENSMUSG00000052921	1.08313559661587	1.01686307332231	3.45727851954177e-26	3.38945714176735e-23	True	ipsi_up
ENSMUSG00000044453	3.36192938630947	3.37762620509861	4.13653635033797e-26	1.7788320443102502e-24	True	ipsi_up
ENSMUSG00000018143	0.750672058569554	0.793694029217962	4.33036324823378e-26	2.88129267432086e-29	True	ipsi_up
ENSMUSG00000122577	3.88541441363964	3.28903020470713	4.78861553751234e-26	2.51374018977031e-18	True	ipsi_up
ENSMUSG00000005986	-0.533001415761603	-0.438700781117675	4.85837210431197e-26	5.60933265654154e-18	True	contra_up
ENSMUSG00000024789	0.515924865294083	0.574511234021484	4.91003364138348e-26	2.66692012317634e-32	True	ipsi_up
ENSMUSG00000021796	0.257645570591191	0.226726709804301	5.24296907506956e-26	1.12003309556034e-20	True	ipsi_up
ENSMUSG00000048696	0.542808316337604	0.748710823850254	6.06055112019968e-26	5.0556263670099e-49	True	ipsi_up
ENSMUSG00000020358	0.240588287595329	0.250597256544015	7.26017238564163e-26	2.86052439891758e-28	True	ipsi_up
ENSMUSG00000038949	0.534208760882242	0.589620675431239	7.48056636479021e-26	1.66062013071183e-31	True	ipsi_up
ENSMUSG00000031642	0.669064947419067	0.531643095567151	8.52982768931348e-26	1.90053873058746e-16	True	ipsi_up
ENSMUSG00000031491	-1.00399623394872	-0.797325547578684	8.63737518296324e-26	1.39463234794105e-16	True	contra_up
ENSMUSG00000040857	0.619194626677477	0.577050615903363	1.12858324837817e-25	1.2767404453341798e-22	True	ipsi_up
ENSMUSG00000115432	-0.817029195194965	-0.725917330728663	1.4108757238167e-25	1.5897463740566202e-20	True	contra_up
ENSMUSG00000019461	0.303569512823805	0.46287373246671	1.5960613311693702e-25	1.4738135865737601e-58	True	ipsi_up
ENSMUSG00000023307	0.304924651240821	0.283179876302093	1.75802873630563e-25	2.96749262533662e-22	True	ipsi_up
ENSMUSG00000051316	0.459777719508786	0.399890891375351	1.96967886946483e-25	2.653052524584e-19	True	ipsi_up
ENSMUSG00000003269	0.397925053734384	0.43966499374298	2.02717219619984e-25	4.02703301346091e-31	True	ipsi_up
ENSMUSG00000017299	0.49583095861348	0.559006726306824	2.2544250641159e-25	3.51414550749624e-32	True	ipsi_up
ENSMUSG00000030917	0.86079600163302	0.98773270658898	2.6473070941871903e-25	2.96152273903707e-33	True	ipsi_up
ENSMUSG00000000811	0.424100207150618	0.484181868740968	2.7465485675884703e-25	2.07227239472825e-33	True	ipsi_up
ENSMUSG00000004562	0.503657837930406	0.531138768440959	2.82496377751809e-25	3.0779771923279393e-28	True	ipsi_up
ENSMUSG00000018648	0.798174387474683	0.732336511433338	3.03576131003604e-25	1.59828487974199e-21	True	ipsi_up
ENSMUSG00000031383	3.98451288933956	4.68661274460865	3.27396159157534e-25	1.24150304251432e-20	True	ipsi_up
ENSMUSG00000002504	-0.471680106238233	-0.366274704735535	3.2921035323044303e-25	1.5744946638105301e-15	True	contra_up
ENSMUSG00000035594	2.61256318792652	2.47535743589792	3.2959252970085603e-25	4.39002102770069e-24	True	ipsi_up
ENSMUSG00000047554	0.39843369019508	0.436817831686771	5.70764686868998e-25	5.19031543213692e-30	True	ipsi_up
ENSMUSG00000023032	0.974920927017291	1.11387305652025	5.91936330580817e-25	1.58955350951788e-32	True	ipsi_up
ENSMUSG00000041907	-0.408781699619877	-0.326158068156889	6.392541504158181e-25	2.2250632171192392e-16	True	contra_up
ENSMUSG00000032502	0.74240144976242	0.862007537682446	6.586810878468561e-25	1.83868297071978e-33	True	ipsi_up
ENSMUSG00000026384	0.614970691401675	0.494634556452614	8.996294254440951e-25	2.1787362999595003e-16	True	ipsi_up
ENSMUSG00000022555	0.60250593145148	0.671811886609945	9.2122334101159e-25	9.30385881616018e-31	True	ipsi_up
ENSMUSG00000024803	4.26891209431311	4.83285994247812	9.34100274533747e-25	8.42870087525881e-27	True	ipsi_up
ENSMUSG00000046999	-0.667437387890176	-0.586036737711839	9.4737450009179e-25	2.2965006445996997e-19	True	contra_up
ENSMUSG00000010095	0.437563074983353	0.494589135364271	9.52480656019539e-25	1.4326197230542302e-31	True	ipsi_up
ENSMUSG00000031955	0.486656226207606	0.572145040957811	9.623578616929611e-25	5.06208310517727e-34	True	ipsi_up
ENSMUSG00000024927	0.515717852911022	0.532101229438593	1.31016530359346e-24	2.7624740731310197e-26	True	ipsi_up
ENSMUSG00000055809	1.02272324224	1.21364990839052	1.42092115239285e-24	2.55915931192426e-32	True	ipsi_up
ENSMUSG00000078956	2.58578550097421	2.53841355651513	1.54141566445594e-24	1.87822594869015e-22	True	ipsi_up
ENSMUSG00000003762	0.518153389501578	0.556827471060992	1.7236293059551302e-24	3.502393874630829e-28	True	ipsi_up
ENSMUSG00000024912	2.64748279048359	3.09401623843857	1.83817058055898e-24	2.0483392127699695e-26	True	ipsi_up
ENSMUSG00000022237	0.70715347585098	0.702422766800389	2.22529450885626e-24	3.55629968122444e-24	True	ipsi_up
ENSMUSG00000051359	-0.399982640305497	-0.322904168313748	2.28782044600468e-24	3.43621308650069e-16	True	contra_up
ENSMUSG00000097828	1.58939256536504	1.41857483346429	2.40187051382225e-24	1.02922388188128e-20	True	ipsi_up
ENSMUSG00000018909	0.495113022285413	0.621938959406029	2.56431863662841e-24	3.05977426511173e-38	True	ipsi_up
ENSMUSG00000039770	0.289520613006581	0.319882741582858	2.71575839793155e-24	1.12769630523728e-29	True	ipsi_up
ENSMUSG00000038335	0.343936394136164	0.357141291192491	3.02189789662094e-24	2.7624740731310197e-26	True	ipsi_up
ENSMUSG00000090946	0.642907530738238	0.585428326246546	3.1338038508840302e-24	1.97083820846909e-20	True	ipsi_up
ENSMUSG00000015776	0.503547626146773	0.489891479977916	3.45258528517033e-24	3.611505236530631e-23	True	ipsi_up
ENSMUSG00000040212	0.858876609085615	0.75732809712241	3.58147022848503e-24	4.4230110411406e-19	True	ipsi_up
ENSMUSG00000041598	0.717756259921709	0.65408342683284	3.74249994874829e-24	2.8776145645409705e-20	True	ipsi_up
ENSMUSG00000030077	0.607080390750876	0.768182025238504	4.10391030601037e-24	2.60670423276322e-38	True	ipsi_up
ENSMUSG00000047649	0.603498171726245	0.660178016128485	4.1103942972112704e-24	7.12208524730557e-29	True	ipsi_up
ENSMUSG00000045664	0.411803003786067	0.37365786408097	4.1768642858402e-24	4.07341869476566e-20	True	ipsi_up
ENSMUSG00000057315	-0.365245233625247	-0.335983440121694	4.28996004241964e-24	1.5367085351073e-20	True	contra_up
ENSMUSG00000045009	-0.818555289902523	-0.748815905453655	4.28996004241964e-24	2.20765961598121e-20	True	contra_up
ENSMUSG00000071637	1.18743621335457	1.1709615299163	5.61815972433588e-24	2.05000829190563e-23	True	ipsi_up
ENSMUSG00000066477	-0.961783946168701	-1.04622401360756	6.5473559940594006e-24	1.27982696496218e-28	True	contra_up
ENSMUSG00000049649	0.855209724013298	0.807047588582296	6.68776454751623e-24	1.37097020421881e-20	True	ipsi_up
ENSMUSG00000030650	1.22845667450526	1.48836260894919	6.87967902792168e-24	1.45513367596766e-32	True	ipsi_up
ENSMUSG00000027919	6.42636891621486	6.35345033436601	6.92433748510933e-24	1.62158127656924e-23	True	ipsi_up
ENSMUSG00000057421	0.420070082204856	0.446737271705967	7.57276232279244e-24	4.65259157777155e-27	True	ipsi_up
ENSMUSG00000037348	-0.511073955501591	-0.488925495586765	9.07837077936629e-24	5.88951761833593e-22	True	contra_up
ENSMUSG00000029765	0.957222030712486	1.13684992293429	9.36844980475575e-24	2.07123144721936e-33	True	ipsi_up
ENSMUSG00000034226	0.467925469484917	0.700299560848726	9.42919334444742e-24	3.40816093107703e-52	True	ipsi_up
ENSMUSG00000044667	0.974413965541499	1.23330347894815	1.0388804289840801e-23	4.02906828024641e-37	True	ipsi_up
ENSMUSG00000020395	1.3555223161535	1.56957290080162	1.07220655151885e-23	2.51098554258248e-30	True	ipsi_up
ENSMUSG00000045136	0.357968067332391	0.58430094650821	1.2120222435798301e-23	1.9002202357048e-62	True	ipsi_up
ENSMUSG00000034595	0.463953182075496	0.477669222271225	1.45972254899899e-23	5.49768352041024e-25	True	ipsi_up
ENSMUSG00000017679	0.39733112490995	0.468509610345794	1.6916090442344e-23	1.50859575467831e-32	True	ipsi_up
ENSMUSG00000037514	0.34824850713054	0.355097768877653	1.9577467984619305e-23	2.49984792786346e-24	True	ipsi_up
ENSMUSG00000050747	6.47251849776242	5.77302971366457	1.99692550516171e-23	8.06757305690883e-27	True	ipsi_up
ENSMUSG00000032508	0.689749517526602	0.604510026865015	2.12590007725487e-23	3.10947685794371e-18	True	ipsi_up
ENSMUSG00000035572	0.418753508803559	0.497621190035486	2.1424070382769301e-23	9.26737437931962e-33	True	ipsi_up
ENSMUSG00000027952	0.36506690012483	0.38047046494787	2.76557871087658e-23	2.55527627217044e-25	True	ipsi_up
ENSMUSG00000005813	0.460466357857637	0.546885782322707	2.7820112287433703e-23	1.02219939301204e-32	True	ipsi_up
ENSMUSG00000058886	-0.372411421087834	-0.317571266041224	2.95904874121475e-23	2.1764822416404905e-17	True	contra_up
ENSMUSG00000023087	0.701856836621173	0.859684572535835	3.05832977596133e-23	2.67602560021092e-34	True	ipsi_up
ENSMUSG00000087088	-0.721383930187346	-0.629875913658487	3.47226841150062e-23	3.7707913044060696e-18	True	contra_up
ENSMUSG00000135102	3.82602108363708	3.25353357634125	3.64214916576063e-23	4.03420841901686e-17	True	ipsi_up
ENSMUSG00000026247	2.94002258868604	3.53861528606199	3.8084211877787403e-23	1.55355731379577e-32	True	ipsi_up
ENSMUSG00000026020	0.428765308527661	0.461325135584592	4.99808705491084e-23	8.83314151905855e-27	True	ipsi_up
ENSMUSG00000090291	1.96667313912285	1.97990741191908	5.267980861966731e-23	4.68056484504091e-23	True	ipsi_up
ENSMUSG00000000134	0.381610324318025	0.474333105360754	5.29466274397004e-23	2.6633650834497996e-35	True	ipsi_up
ENSMUSG00000008393	0.489425279792119	0.606913955080438	5.52501499532899e-23	3.5734940893013e-35	True	ipsi_up
ENSMUSG00000029777	0.439346505476344	0.583380519836076	7.06695451219478e-23	4.30561522450206e-40	True	ipsi_up
ENSMUSG00000048483	-0.699008976002425	-0.728368134482499	7.06695451219478e-23	4.525795508909311e-25	True	contra_up
ENSMUSG00000017615	0.387025240796844	0.424030903936067	8.15635014901584e-23	2.03218589809939e-27	True	ipsi_up
ENSMUSG00000008384	0.621610673679876	0.549111119513831	8.353111526095231e-23	4.49715709059367e-18	True	ipsi_up
ENSMUSG00000059796	0.196730717788859	0.196431992837817	9.27816562253437e-23	6.982620267431471e-23	True	ipsi_up
ENSMUSG00000022848	0.291969266153229	0.396279777043805	9.5015571516531e-23	1.1153070126654899e-41	True	ipsi_up
ENSMUSG00000039114	-0.51332369254385	-0.505088248877705	1.01232486096509e-22	4.18876956123118e-22	True	contra_up
ENSMUSG00000027944	0.420282498444413	0.368271751000536	1.01720958219316e-22	9.06990612101288e-18	True	ipsi_up
ENSMUSG00000055493	-0.347304825241282	-0.287928797611453	1.06783647560787e-22	2.0462244637836e-16	True	contra_up
ENSMUSG00000051048	0.539181932072777	0.646053999582919	1.11377983093475e-22	1.88682246598775e-32	True	ipsi_up
ENSMUSG00000029578	0.31113572239553	0.362233860972769	1.20606786129988e-22	1.0915744429493598e-30	True	ipsi_up
ENSMUSG00000028901	0.488511516857406	0.612898122425516	1.3048320631509e-22	8.71449752189493e-35	True	ipsi_up
ENSMUSG00000036057	0.644097274492107	0.787369498205582	1.3818037201807e-22	1.42151736036587e-33	True	ipsi_up
ENSMUSG00000020732	-0.429414149372314	-0.398155802602691	1.42057750311826e-22	1.10747814929601e-19	True	contra_up
ENSMUSG00000044229	0.724272533991433	0.911693057285073	1.42180619149228e-22	1.4620869300665e-35	True	ipsi_up
ENSMUSG00000044067	-0.73194266781906	-0.627271307725074	1.52007035719905e-22	4.36369436268797e-17	True	contra_up
ENSMUSG00000002058	-0.594376981527832	-0.515819749644792	2.02751997146582e-22	3.18829793674105e-17	True	contra_up
ENSMUSG00000027978	0.732796774963733	0.651013070054851	2.1743941820416597e-22	6.62127943276278e-18	True	ipsi_up
ENSMUSG00000001507	0.740114614191505	0.990845853632629	2.25496433385655e-22	9.86452220054684e-40	True	ipsi_up
ENSMUSG00000024517	4.44600939009446	4.58301667470974	2.4066411312135003e-22	1.72798603446997e-22	True	ipsi_up
ENSMUSG00000041617	-0.591578039156605	-0.5110955683666	3.01619506555912e-22	6.4195569300139e-17	True	contra_up
ENSMUSG00000042292	0.520141130389099	0.620295959134769	3.65902591080642e-22	2.54852668120195e-31	True	ipsi_up
ENSMUSG00000063919	0.901614403896354	1.03466535256672	4.07948907740612e-22	9.24319594364628e-29	True	ipsi_up
ENSMUSG00000036894	0.474629787750774	0.501198707382489	4.226005733411059e-22	1.27988151868918e-24	True	ipsi_up
ENSMUSG00000098188	0.565281696081706	0.628112108831226	5.53073610108747e-22	8.53665036685598e-27	True	ipsi_up
ENSMUSG00000037815	0.392965166314516	0.400350041564431	8.24857432898912e-22	1.11089447477066e-22	True	ipsi_up
ENSMUSG00000055782	-0.609073495821466	-0.699525120019773	8.99840163308535e-22	9.1765205845277e-29	True	contra_up
ENSMUSG00000009566	0.593328995845741	0.584273602586452	1.04528398487191e-21	2.8119572682250306e-21	True	ipsi_up
ENSMUSG00000002733	0.491317660111947	0.534063325838474	1.2089449089617101e-21	1.7113482021514e-25	True	ipsi_up
ENSMUSG00000034275	1.05187630229725	1.33674476007874	1.37181785017235e-21	1.77499480651514e-34	True	ipsi_up
ENSMUSG00000013089	0.45932627902624	0.68228604008658	1.5085255822646e-21	6.101136589270361e-47	True	ipsi_up
ENSMUSG00000095930	-0.562890074107285	-0.569997063883597	1.55144892704769e-21	5.13640660761992e-23	True	contra_up
ENSMUSG00000033769	0.534495430448213	0.627380469362189	1.6091144386493801e-21	1.64916224063314e-29	True	ipsi_up
ENSMUSG00000002797	0.595982507464072	0.512891490775997	1.93535607549574e-21	3.64763584503542e-16	True	ipsi_up
ENSMUSG00000022861	-0.737447230897086	-0.642175169161151	2.2894679397553e-21	1.85186823452663e-16	True	contra_up
ENSMUSG00000029651	0.697363325395587	0.815200275034056	2.4435355473098106e-21	6.79850903715335e-29	True	ipsi_up
ENSMUSG00000037876	0.61701762141536	0.646468927502994	2.5168514669307306e-21	1.7978787336947902e-23	True	ipsi_up
ENSMUSG00000020089	0.362602205638207	0.375864465124378	2.8120767476630906e-21	6.832552155869431e-23	True	ipsi_up
ENSMUSG00000040046	2.39645341431671	2.4796084509527	2.84572142921235e-21	2.3534123485674106e-21	True	ipsi_up
ENSMUSG00000058354	9.6213374865642	9.09346253216542	2.97199491759459e-21	4.0949884757833904e-19	True	ipsi_up
ENSMUSG00000017428	0.305611605865431	0.387484708570347	2.99434578911663e-21	4.95834632633255e-34	True	ipsi_up
ENSMUSG00000029175	0.41436993174803	0.434802938670652	3.1946653796426007e-21	2.01421642198105e-23	True	ipsi_up
ENSMUSG00000021260	0.998657884545703	1.15374920808477	3.32577827252437e-21	2.70858096859007e-28	True	ipsi_up
ENSMUSG00000030309	0.542402275960051	0.694307283296492	3.35769686175698e-21	1.49433503274949e-34	True	ipsi_up
ENSMUSG00000096606	-0.619400013273856	-0.565780824964412	4.26300454324139e-21	7.59811067924188e-18	True	contra_up
ENSMUSG00000001420	0.389135412709545	0.614765812176324	4.27428767040442e-21	6.028122464497241e-52	True	ipsi_up
ENSMUSG00000015837	0.350786394068671	0.454047968916869	4.79718140093128e-21	4.7134034077231705e-35	True	ipsi_up
ENSMUSG00000021072	0.388256328701903	0.358873992078353	5.63333523952725e-21	3.6868610628630095e-18	True	ipsi_up
ENSMUSG00000058057	0.494064303080348	0.641803891936766	6.20942319336584e-21	4.65348421886449e-35	True	ipsi_up
ENSMUSG00000020547	0.516082170418533	0.550309225511181	6.3357692470986004e-21	6.56136254497647e-24	True	ipsi_up
ENSMUSG00000086968	-0.485193669546864	-0.460175740047395	6.4898683678676804e-21	4.937743872330822e-19	True	contra_up
ENSMUSG00000026930	0.443942739002803	0.506622832894506	6.598279379707101e-21	3.50196696652254e-27	True	ipsi_up
ENSMUSG00000036186	-0.551911847594049	-0.618737358371725	6.6356061742526905e-21	1.02760215669667e-26	True	contra_up
ENSMUSG00000061039	1.28048865503344	1.73819930325965	6.76773177011098e-21	2.22197824289734e-37	True	ipsi_up
ENSMUSG00000025178	0.351188023287451	0.429423764576559	6.97434772388391e-21	4.5930563784470514e-31	True	ipsi_up
ENSMUSG00000049643	0.482636118071392	0.459817357655099	7.28861382655575e-21	4.557566833759392e-19	True	ipsi_up
ENSMUSG00000021222	-0.528542239794843	-0.503069928116638	7.61654285726414e-21	2.0177541289125e-19	True	contra_up
ENSMUSG00000022526	0.493456277975759	0.524515889824028	8.438552153183491e-21	1.88775025210606e-23	True	ipsi_up
ENSMUSG00000024335	0.295083002355422	0.31873050458901	1.18261553081904e-20	4.4380833421069e-24	True	ipsi_up
ENSMUSG00000048047	0.51644991904534	0.55779417754869	1.21818780434772e-20	5.97200780168531e-24	True	ipsi_up
ENSMUSG00000048706	-0.567043214066761	-0.574778580263615	1.24229241227567e-20	1.24455895936799e-21	True	contra_up
ENSMUSG00000032666	0.450471668575551	0.516888069001521	1.26915901989864e-20	5.15976697123832e-27	True	ipsi_up
ENSMUSG00000062526	-0.48652933170868	-0.440276492028535	1.38766100564377e-20	1.9285833513340705e-17	True	contra_up
ENSMUSG00000059816	3.41092206639184	3.76129678629925	1.49200766473185e-20	4.73778020227855e-18	True	ipsi_up
ENSMUSG00000033545	0.401405177927462	0.463847709669347	1.55893207401345e-20	2.34043017009475e-27	True	ipsi_up
ENSMUSG00000027806	0.601826477562663	0.699206031007472	1.63510206275253e-20	1.83429354371185e-27	True	ipsi_up
ENSMUSG00000032715	1.1065896555696	1.22274296322299	1.81942866470901e-20	3.34317037632151e-24	True	ipsi_up
ENSMUSG00000015839	0.38688638948881	0.339932226775709	1.82743499364716e-20	4.50088163215037e-16	True	ipsi_up
ENSMUSG00000028599	1.05479995841381	1.08785102120067	1.83714666343123e-20	7.60997282121131e-22	True	ipsi_up
ENSMUSG00000052298	0.261895934427361	0.26795181972256	1.90608532991061e-20	1.30702029031167e-21	True	ipsi_up
ENSMUSG00000037860	2.88933267305924	2.83653425189366	1.98230443934216e-20	5.35598022776553e-20	True	ipsi_up
ENSMUSG00000049866	0.390407487779437	0.418553138707124	2.01621681802529e-20	2.25589535518469e-23	True	ipsi_up
ENSMUSG00000038733	0.290435427164609	0.332438147009096	2.13892191150163e-20	1.10473066706129e-26	True	ipsi_up
ENSMUSG00000038676	4.25377179649384	3.90806673044054	2.3066578696735102e-20	1.5947942490822001e-18	True	ipsi_up
ENSMUSG00000132840	3.09955806734151	3.32700507853149	2.32720195967662e-20	7.1784749180223e-20	True	ipsi_up
ENSMUSG00000032309	-0.427067707149224	-0.386227070690115	2.33807368287194e-20	6.54978044388918e-17	True	contra_up
ENSMUSG00000022744	0.377478987827029	0.377782297549032	2.53811883418654e-20	1.6093479587459502e-20	True	ipsi_up
ENSMUSG00000037709	-0.82708048533668	-0.816656756928574	2.82492542773593e-20	6.646328065800581e-20	True	contra_up
ENSMUSG00000030707	-0.438855455489104	-0.447778883680127	3.25719837412493e-20	3.60690099825541e-21	True	contra_up
ENSMUSG00000030616	0.535202435866614	0.686991278043039	4.95644917697825e-20	8.8279691345597e-33	True	ipsi_up
ENSMUSG00000042448	-0.997013738232654	-0.883549308193645	5.33251291998539e-20	4.8624309987462695e-16	True	contra_up
ENSMUSG00000129931	1.7891423413221	2.34084674586147	5.97459504204939e-20	2.8813957254179392e-28	True	ipsi_up
ENSMUSG00000022948	1.31883151273773	1.26447187321564	6.60438779161518e-20	1.36796881988655e-18	True	ipsi_up
ENSMUSG00000053175	1.28538356126333	1.38751331890058	6.789271946669071e-20	5.41949533145801e-23	True	ipsi_up
ENSMUSG00000027796	-0.673234538775384	-0.724518846297339	7.53995615447802e-20	5.286188094249131e-23	True	contra_up
ENSMUSG00000106554	0.920564416257159	1.17376965128389	8.1300516656794e-20	7.438902317150721e-31	True	ipsi_up
ENSMUSG00000008730	0.562166453142117	0.54683655625987	8.836906560971861e-20	8.055281550180892e-19	True	ipsi_up
ENSMUSG00000057465	3.15774429470274	2.97000779936497	9.27978320362372e-20	6.61492086100303e-18	True	ipsi_up
ENSMUSG00000047606	-0.86321803443891	-1.00491421586451	9.736985123152501e-20	1.37725094104196e-26	True	contra_up
ENSMUSG00000036206	0.420088458376208	0.484519210962522	1.2231422106902102e-19	5.49595989909895e-26	True	ipsi_up
ENSMUSG00000035778	0.532283091938127	0.667886987149549	1.3198872745410101e-19	1.6477226961081597e-30	True	ipsi_up
ENSMUSG00000109604	1.50660181605972	1.62471826992408	1.53271082272329e-19	4.17403943935129e-21	True	ipsi_up
ENSMUSG00000025027	0.307238449614713	0.279632306767996	1.5509573232939e-19	1.67527913511983e-16	True	ipsi_up
ENSMUSG00000023048	0.31567250040052	0.429007065118572	1.6751563681538e-19	1.2174549234534901e-35	True	ipsi_up
ENSMUSG00000008435	0.604958777186382	0.627300422122431	1.7692459688744102e-19	5.74503786265578e-21	True	ipsi_up
ENSMUSG00000048616	-0.992616569048108	-1.18363319609781	1.7885991858777901e-19	5.30213307758445e-28	True	contra_up
ENSMUSG00000027367	-0.195719936903066	-0.178623493285814	2.1036100037777301e-19	1.23089269643545e-16	True	contra_up
ENSMUSG00000028840	0.425329061809764	0.438487829627361	2.1641680644672104e-19	8.197694838072171e-21	True	ipsi_up
ENSMUSG00000021587	0.67357265264887	0.71730824813752	2.4903781314931603e-19	6.40667558391303e-22	True	ipsi_up
ENSMUSG00000022433	0.378043686284254	0.498896159475024	2.9929897106346903e-19	3.17130034970675e-33	True	ipsi_up
ENSMUSG00000000346	0.314087818248013	0.31309218962088	3.0842286660719504e-19	2.9541231698469e-19	True	ipsi_up
ENSMUSG00000005089	0.847631983099769	0.812801924418926	3.1156941056016304e-19	1.07175521628788e-17	True	ipsi_up
ENSMUSG00000045318	-0.63920733600834	-0.844775313491829	3.1250989293662403e-19	9.25120804474333e-34	True	contra_up
ENSMUSG00000027797	0.401237799381189	0.491566406191273	3.4663877486977503e-19	1.26091418331519e-28	True	ipsi_up
ENSMUSG00000032501	0.985319518649693	0.915423824094312	4.2985627681453103e-19	1.43634662707928e-16	True	ipsi_up
ENSMUSG00000036737	0.297575626532824	0.401839807261623	4.35669464947308e-19	1.8596729927659299e-34	True	ipsi_up
ENSMUSG00000027605	0.298823576826936	0.319018820322318	4.74273080075692e-19	1.00584020308428e-21	True	ipsi_up
ENSMUSG00000013483	0.844335449093456	0.886356248943145	4.97260145417634e-19	7.4210407624288e-21	True	ipsi_up
ENSMUSG00000027455	0.226134372337429	0.311187139720621	5.31363953390043e-19	8.773582019663201e-36	True	ipsi_up
ENSMUSG00000059316	0.426603715720377	0.509389770501338	5.337797012501112e-19	6.36428048801307e-27	True	ipsi_up
ENSMUSG00000049807	0.384470343808714	0.37123233981451	6.0160236703769e-19	8.092602550896969e-18	True	ipsi_up
ENSMUSG00000029762	1.01773720660985	0.929358482099202	6.55258971514382e-19	4.1613364243765e-16	True	ipsi_up
ENSMUSG00000130552	4.39552217020048	4.45872158399354	7.510094480891832e-19	6.16580999734825e-17	True	ipsi_up
ENSMUSG00000042428	-0.346721742090106	-0.333944911576071	9.02615665378785e-19	1.5600018315665998e-17	True	contra_up
ENSMUSG00000024907	1.85468466762186	1.69369655406271	1.02779016925458e-18	8.429306137545e-16	True	ipsi_up
ENSMUSG00000034161	-1.0585824126809	-1.16137433732732	1.02798142500968e-18	5.053910115916241e-23	True	contra_up
ENSMUSG00000029310	0.282264254871925	0.280410132679644	1.05509886226463e-18	1.11482001013264e-18	True	ipsi_up
ENSMUSG00000026074	0.372301043127813	0.423814344257549	1.18925356836137e-18	4.69914732731152e-24	True	ipsi_up
ENSMUSG00000038967	-0.434283209188983	-0.475026136579607	1.33456377385153e-18	2.06593832266882e-22	True	contra_up
ENSMUSG00000020027	0.564222467186032	0.730141286914554	1.43491249718459e-18	1.03147126924782e-30	True	ipsi_up
ENSMUSG00000018565	0.25461234935287	0.306245509232068	1.5770935317589098e-18	9.81814253339298e-27	True	ipsi_up
ENSMUSG00000101581	1.36065600423993	1.53676457791484	1.8008894782490097e-18	1.02692197159366e-22	True	ipsi_up
ENSMUSG00000039985	1.3830042738839	1.52801386824483	1.81727780404025e-18	2.42901857559584e-21	True	ipsi_up
ENSMUSG00000039191	0.435566771818654	0.451360633952487	1.97167208502452e-18	6.985294234966741e-20	True	ipsi_up
ENSMUSG00000037960	0.265497439675274	0.31808249476796	2.07374543797306e-18	2.44729627526024e-26	True	ipsi_up
ENSMUSG00000081219	2.1426987698125	2.3204340358982	2.07786020100458e-18	1.13821049963726e-20	True	ipsi_up
ENSMUSG00000027465	0.483347106963279	0.504120661646693	2.1351322873739597e-18	4.2467250037009404e-20	True	ipsi_up
ENSMUSG00000027692	0.818023252088896	0.968414366229036	2.2675807826094498e-18	1.39160915807911e-25	True	ipsi_up
ENSMUSG00000063952	0.584605608831382	0.569769225143657	2.2732000030952097e-18	1.69683964288688e-17	True	ipsi_up
ENSMUSG00000035236	0.590823446782403	0.738549550077642	2.38262379944453e-18	1.21886555559826e-28	True	ipsi_up
ENSMUSG00000051007	-0.338570843514124	-0.398662005251614	2.6911780691139697e-18	7.75388873554491e-26	True	contra_up
ENSMUSG00000047547	0.24945326289785	0.255764758343747	3.12541350896591e-18	3.2603083611730997e-19	True	ipsi_up
ENSMUSG00000040433	0.44242042547577	0.515648102287591	3.1743118771309898e-18	1.55668199787401e-24	True	ipsi_up
ENSMUSG00000025340	0.366870181134579	0.405037260623423	3.28542760996475e-18	3.69808721656879e-22	True	ipsi_up
ENSMUSG00000074656	0.301020977357781	0.279786259899551	4.04289784344976e-18	6.85652439794046e-16	True	ipsi_up
ENSMUSG00000073747	1.14158197410514	1.62666049548065	4.0969726163718095e-18	3.66698732854105e-33	True	ipsi_up
ENSMUSG00000031532	0.299037355306541	0.328366410242343	4.9418145268713195e-18	1.02082589854067e-21	True	ipsi_up
ENSMUSG00000120751	1.05810749296585	1.29324229701342	5.79281659790951e-18	1.49400036361412e-25	True	ipsi_up
ENSMUSG00000024238	0.373050266757397	0.44299678783156	6.05132439173143e-18	3.49286953829317e-25	True	ipsi_up
ENSMUSG00000040365	0.347045926686399	0.402350336940234	7.1523562549917e-18	4.8686900543178105e-24	True	ipsi_up
ENSMUSG00000028466	0.320142419614978	0.367729955497775	7.55640775539379e-18	1.24468940275527e-23	True	ipsi_up
ENSMUSG00000045613	-0.834816882798815	-0.99057592810627	7.90687353691352e-18	6.708895333598151e-25	True	contra_up
ENSMUSG00000003154	0.402171695212118	0.454307404870452	8.06517686543139e-18	1.27356213427779e-22	True	ipsi_up
ENSMUSG00000026821	0.416728081365084	0.608628571873032	8.282260606328709e-18	1.78103558312648e-37	True	ipsi_up
ENSMUSG00000037465	0.575449871866859	0.562490375525628	8.282260606328709e-18	3.48715591311877e-17	True	ipsi_up
ENSMUSG00000017677	0.594830736622957	0.61879755271809	1.04371782180585e-17	3.0441876698927403e-19	True	ipsi_up
ENSMUSG00000058355	0.273101543173438	0.389634370567522	1.26180180857342e-17	2.06354898968876e-35	True	ipsi_up
ENSMUSG00000021306	0.60194692954576	0.746774873858214	1.46140993500113e-17	1.12508951897293e-26	True	ipsi_up
ENSMUSG00000020794	0.302556120002431	0.301548526280135	1.81465439146198e-17	1.8410862505267e-17	True	ipsi_up
ENSMUSG00000028602	2.30472230543702	2.85331634179464	2.1541451494671402e-17	3.82368387173552e-21	True	ipsi_up
ENSMUSG00000042743	0.39019592781966	0.467285544270245	2.248767797722e-17	9.3584053571409e-25	True	ipsi_up
ENSMUSG00000027954	0.404227499639733	0.55892222081406	2.41154399132082e-17	1.29782602244816e-32	True	ipsi_up
ENSMUSG00000003134	-0.423981022279355	-0.451031857068989	2.7353540895329506e-17	1.09460021994911e-19	True	contra_up
ENSMUSG00000050108	3.70456294148389	4.68662749620077	2.83712719984625e-17	2.14768155434862e-17	True	ipsi_up
ENSMUSG00000042616	-0.417415332788493	-0.452343801438816	2.8801014633666e-17	1.08756774273342e-20	True	contra_up
ENSMUSG00000031073	8.32857025606358	8.04506278216551	2.95637203475338e-17	3.19199474621661e-16	True	ipsi_up
ENSMUSG00000109511	0.375349055814222	0.505559497527763	3.06844074856203e-17	1.32374051475341e-30	True	ipsi_up
ENSMUSG00000020448	0.336583611508165	0.352759578125549	3.0961578999187e-17	7.24094265350556e-19	True	ipsi_up
ENSMUSG00000030199	0.460777989198665	0.532714511214528	3.2728100655534e-17	1.0793308752024e-22	True	ipsi_up
ENSMUSG00000073805	1.2644980556348	1.29460961717784	3.27439454786811e-17	1.0932781836151501e-17	True	ipsi_up
ENSMUSG00000054934	0.401043114448083	0.416365402500046	3.52070203380517e-17	9.92409406526319e-19	True	ipsi_up
ENSMUSG00000022125	0.355165385138296	0.425603091031401	3.53590451817658e-17	1.53833380330566e-24	True	ipsi_up
ENSMUSG00000031960	0.587365653382924	0.761018050254131	3.85202299989103e-17	1.80702616905667e-28	True	ipsi_up
ENSMUSG00000028370	0.906096399520504	0.934990837116507	3.85202299989103e-17	3.3672152941568e-18	True	ipsi_up
ENSMUSG00000060716	0.551509677600351	0.602209885129717	3.9541881117352303e-17	3.0081805000761304e-20	True	ipsi_up
ENSMUSG00000032497	0.259124128812859	0.32588851427134	4.82792806369573e-17	1.19360147703614e-26	True	ipsi_up
ENSMUSG00000023915	0.471541631575144	0.591785762726445	5.29521713966292e-17	1.54908404210312e-26	True	ipsi_up
ENSMUSG00000032307	0.401080705343144	0.525564569000603	6.52585974083639e-17	9.80142018086158e-29	True	ipsi_up
ENSMUSG00000053007	0.595765257390388	0.640949876008601	6.736062771228481e-17	4.38549572430692e-19	True	ipsi_up
ENSMUSG00000011877	0.298796380549528	0.337925992681871	7.73466434144978e-17	2.07877323481048e-21	True	ipsi_up
ENSMUSG00000025007	0.360252510609304	0.430180350865619	8.48291222816173e-17	1.95302639764252e-23	True	ipsi_up
ENSMUSG00000002633	0.799102684334179	0.833089925112588	9.36732776606933e-17	3.69208442643364e-18	True	ipsi_up
ENSMUSG00000024947	0.38709566002724	0.473699036102974	9.59118840108069e-17	8.2425777333983805e-25	True	ipsi_up
ENSMUSG00000073155	-0.232592647671105	-0.292783954930653	9.6348396341181e-17	6.25051801865911e-27	True	contra_up
ENSMUSG00000038861	0.305044138181638	0.374362188608163	1.01206835614654e-16	7.477442410769911e-25	True	ipsi_up
ENSMUSG00000048304	-0.785218090437828	-0.779027690712998	1.30660309086124e-16	1.92069755284063e-16	True	contra_up
ENSMUSG00000054676	-0.290892668569242	-0.305672834382114	1.3214767386863799e-16	1.83192611819286e-18	True	contra_up
ENSMUSG00000027963	-0.474734058793545	-0.52670431455154	1.32739100523345e-16	2.03643136619104e-20	True	contra_up
ENSMUSG00000040010	0.617866495370507	0.666795659970296	1.45634719666372e-16	2.94069704705012e-19	True	ipsi_up
ENSMUSG00000037851	0.560139777595881	0.746948759717155	1.49442711285577e-16	4.7833751402978097e-29	True	ipsi_up
ENSMUSG00000017929	0.311112072413615	0.490390843458677	1.79958888746379e-16	3.902600202908e-40	True	ipsi_up
ENSMUSG00000069355	8.23206701598102	8.36889588527465	1.88875299513953e-16	4.787116644117431e-17	True	ipsi_up
ENSMUSG00000029313	0.505025067589319	0.508704153214712	2.23132806312814e-16	1.2504748977839e-16	True	ipsi_up
ENSMUSG00000055976	2.7440125180123	2.70080982083684	2.53779628254335e-16	8.33803805433555e-17	True	ipsi_up
ENSMUSG00000055044	0.757795014801254	0.950816610595112	2.908593659466569e-16	2.8434737749346804e-25	True	ipsi_up
ENSMUSG00000028434	0.399677836955683	0.444922172384599	2.91889318104136e-16	5.806358842587511e-20	True	ipsi_up
ENSMUSG00000048668	0.378299701066709	0.416766954478221	3.15623942057173e-16	1.25817472069459e-19	True	ipsi_up
ENSMUSG00000036990	0.396822708352025	0.546866985527172	4.16003794448096e-16	4.3585493078219e-30	True	ipsi_up
