read_id,srr,fastx_total_sequences,fastp_total_sequences,fastx_sequence_length,fastp_sequence_length,fastx_adapter_max,fastp_adapter_max,adapter_max_delta_fastp_minus_fastx,fastx_dominant_signal_label,fastp_dominant_signal_label,fastx_dominant_overrep_pct,fastp_dominant_overrep_pct,fastx_status_adapter_content,fastp_status_adapter_content,direction_adapter_content,fastx_status_overrepresented_sequences,fastp_status_overrepresented_sequences,direction_overrepresented_sequences,fastx_status_per_base_sequence_content,fastp_status_per_base_sequence_content,direction_per_base_sequence_content,fastx_status_sequence_length_distribution,fastp_status_sequence_length_distribution,direction_sequence_length_distribution,fastp_retained_pct,fastp_q20_rate_after,fastp_q30_rate_after
SRR30333743_1,SRR30333743,50095819,48476411,118-151,30-151,49.176836494079474,0.0053737476563601215,-49.17146274642312,TruSeq adapter,not detected,0.1040326339409682,,fail,pass,improved,warn,pass,improved,fail,fail,unchanged,warn,warn,unchanged,96.76737893036542,0.982053,0.945622
SRR30333743_2,SRR30333743,50095819,48476411,80-151,30-151,49.39035531088932,0.06607131043591491,-49.3242840004534,poly-G artifact,not detected,0.8563808488688447,,fail,pass,improved,warn,pass,improved,warn,warn,unchanged,warn,warn,unchanged,96.76737893036542,0.982053,0.945622
SRR30333744_1,SRR30333744,45278477,43566401,111-151,30-151,39.12556290265682,0.004416247281936371,-39.12114665537488,not detected,not detected,,,fail,pass,improved,pass,pass,unchanged,fail,fail,unchanged,warn,warn,unchanged,96.21878624583596,0.982227,0.945825
SRR30333744_2,SRR30333744,45278477,43566401,80-151,30-151,39.1827357620708,0.0517692521812853,-39.13096650988951,poly-G artifact,not detected,0.8941665595333518,,fail,pass,improved,warn,pass,improved,warn,warn,unchanged,warn,warn,unchanged,96.21878624583596,0.982227,0.945825
SRR30333745_1,SRR30333745,47813388,46014991,120-151,30-151,44.86611992440276,0.004537651653566552,-44.861582272749196,not detected,not detected,,,fail,pass,improved,pass,pass,unchanged,fail,fail,unchanged,warn,warn,unchanged,96.23871665400495,0.981965,0.945464
SRR30333745_2,SRR30333745,47813388,46014991,75-151,30-151,45.064924075240185,0.06277954069359701,-45.00214453454659,poly-G artifact,not detected,0.8847584697407346,,fail,pass,improved,warn,pass,improved,warn,warn,unchanged,warn,warn,unchanged,96.23871665400495,0.981965,0.945464
SRR30333746_1,SRR30333746,42216035,41094013,121-151,30-151,40.55942250379506,0.004489705106191503,-40.554932798688874,not detected,not detected,,,fail,pass,improved,pass,pass,unchanged,fail,fail,unchanged,warn,warn,unchanged,97.3421899996056,0.982495,0.946787
SRR30333746_2,SRR30333746,42216035,41094013,88-151,30-151,40.78512347263309,0.058855288725391704,-40.7262681839077,poly-G artifact,not detected,0.653104916176993,,fail,pass,improved,warn,pass,improved,warn,warn,unchanged,warn,warn,unchanged,97.3421899996056,0.982495,0.946787
SRR30333747_1,SRR30333747,41136868,39538858,115-151,30-151,33.97511205763161,0.002258537664390813,-33.972853519967224,not detected,not detected,,,fail,pass,improved,pass,pass,unchanged,fail,fail,unchanged,warn,warn,unchanged,96.11538243504586,0.98039,0.940436
SRR30333747_2,SRR30333747,41136868,39538858,80-151,30-151,34.05929931272357,0.05891419524559865,-34.00038511747797,poly-G artifact,not detected,0.8906438866468882,,fail,pass,improved,warn,pass,improved,warn,warn,unchanged,warn,warn,unchanged,96.11538243504586,0.98039,0.940436
SRR30333748_1,SRR30333748,65409634,63076131,124-151,30-151,30.731856717008995,0.0022877116543498837,-30.729569005354644,not detected,not detected,,,fail,pass,improved,pass,pass,unchanged,fail,fail,unchanged,warn,warn,unchanged,96.43247812699884,0.981833,0.944725
SRR30333748_2,SRR30333748,65409634,63076131,73-151,30-151,30.84326996845755,0.0435235953200744,-30.799746373137477,poly-G artifact,not detected,0.7704920042818157,,fail,pass,improved,warn,pass,improved,warn,warn,unchanged,warn,warn,unchanged,96.43247812699884,0.981833,0.944725
SRR30333749_1,SRR30333749,53414494,51690252,107-151,30-151,26.273672086082104,0.0024743543521513495,-26.271197731729952,not detected,not detected,,,fail,pass,improved,pass,pass,unchanged,fail,fail,unchanged,warn,warn,unchanged,96.77195856240817,0.984081,0.951725
SRR30333749_2,SRR30333749,53414494,51690252,38-151,30-151,26.260664380720335,0.035337417198120835,-26.225326963522214,poly-G artifact,not detected,0.7483043834506792,,fail,pass,improved,warn,pass,improved,warn,warn,unchanged,warn,warn,unchanged,96.77195856240817,0.984081,0.951725
SRR30333750_1,SRR30333750,52941542,51719952,121-151,30-151,34.80813800247828,0.002310520319121719,-34.80582748215916,not detected,not detected,,,fail,pass,improved,pass,pass,unchanged,fail,fail,unchanged,warn,warn,unchanged,97.69256815375721,0.982206,0.945642
SRR30333750_2,SRR30333750,52941542,51719952,79-151,30-151,34.91067185009458,0.04806075612753856,-34.86261109396704,poly-G artifact,not detected,0.5158217718705662,,fail,pass,improved,warn,pass,improved,warn,warn,unchanged,warn,warn,unchanged,97.69256815375721,0.982206,0.945642
SRR30333751_1,SRR30333751,55234926,53509691,120-151,30-151,36.24142992424757,0.0021267175697202213,-36.239303206677846,not detected,not detected,,,fail,pass,improved,pass,pass,unchanged,fail,fail,unchanged,warn,warn,unchanged,96.87655053615894,0.98276,0.947467
SRR30333751_2,SRR30333751,55234926,53509691,80-151,30-151,36.43200680670777,0.045440367054259384,-36.38656643965351,poly-G artifact,not detected,0.72809185984969,,fail,pass,improved,warn,pass,improved,warn,warn,unchanged,warn,warn,unchanged,96.87655053615894,0.98276,0.947467
SRR30333752_1,SRR30333752,59339030,57597689,118-151,30-151,31.85324903356189,0.002331690773218349,-31.850917342788673,not detected,not detected,,,fail,pass,improved,pass,pass,unchanged,fail,fail,unchanged,warn,warn,unchanged,97.06543736896272,0.981738,0.944191
SRR30333752_2,SRR30333752,59339030,57597689,80-151,30-151,31.86000175601118,0.043564247864180804,-31.816437508146997,poly-G artifact,not detected,0.697849290761915,,fail,pass,improved,warn,pass,improved,warn,warn,unchanged,warn,warn,unchanged,97.06543736896272,0.981738,0.944191
SRR30333753_1,SRR30333753,40311762,38889034,119-151,30-151,46.555429653509066,0.005523407961226293,-46.54990624554784,not detected,not detected,,,fail,pass,improved,pass,pass,unchanged,fail,fail,unchanged,warn,warn,unchanged,96.47068763702266,0.980178,0.940037
SRR30333753_2,SRR30333753,40311762,38889034,88-151,30-151,46.65650685276421,0.08262483454847451,-46.573882018215734,poly-G artifact,not detected,0.8194456992477778,,fail,pass,improved,warn,pass,improved,warn,warn,unchanged,warn,warn,unchanged,96.47068763702266,0.980178,0.940037
SRR30333754_1,SRR30333754,51091830,48831443,118-151,30-151,44.868886082177916,0.004796090093016502,-44.8640899920849,not detected,not detected,,,fail,pass,improved,pass,pass,unchanged,fail,fail,unchanged,warn,warn,unchanged,95.57583472739184,0.982486,0.94695
SRR30333754_2,SRR30333754,51091830,48831443,75-151,30-151,45.08971982408929,0.05889852568968728,-45.03082129839961,poly-G artifact,not detected,1.1192846292646006,,fail,pass,improved,fail,pass,improved,warn,warn,unchanged,warn,warn,unchanged,95.57583472739184,0.982486,0.94695
SRR30333755_1,SRR30333755,40136901,38601960,103-151,30-151,48.280817694420406,0.004893533903459825,-48.275924160516944,not detected,not detected,,,fail,pass,improved,pass,pass,unchanged,fail,fail,unchanged,warn,warn,unchanged,96.175736138672,0.978964,0.936514
SRR30333755_2,SRR30333755,40136901,38601960,86-151,30-151,48.60427066853019,0.09497445207445425,-48.50929621645574,poly-G artifact,not detected,0.8893536648482154,,fail,pass,improved,warn,pass,improved,warn,warn,unchanged,warn,warn,unchanged,96.175736138672,0.978964,0.936514
SRR30333756_1,SRR30333756,49776986,47678165,116-151,30-151,32.40337211256624,0.004400337135458128,-32.39897177543078,not detected,not detected,,,fail,pass,improved,pass,pass,unchanged,fail,fail,unchanged,warn,warn,unchanged,95.7835514589011,0.982283,0.946339
SRR30333756_2,SRR30333756,49776986,47678165,84-151,30-151,32.48929937220385,0.04344546397706371,-32.44585390822679,poly-G artifact,not detected,1.0564560899689668,,fail,pass,improved,fail,pass,improved,warn,warn,unchanged,warn,warn,unchanged,95.7835514589011,0.982283,0.946339
SRR30333757_1,SRR30333757,45214590,44963837,56-151,30-151,28.853580227090415,0.005419911116571302,-28.848160315973843,not detected,not detected,,,fail,pass,improved,pass,pass,unchanged,fail,fail,unchanged,warn,warn,unchanged,99.44541573859235,0.969033,0.913103
SRR30333757_2,SRR30333757,45214441,44963837,30-151,30-151,29.050521712742174,0.003958736884487861,-29.046562975857686,not detected,not detected,,,fail,pass,improved,pass,pass,unchanged,warn,warn,unchanged,warn,warn,unchanged,99.44541573859235,0.969033,0.913103
SRR30333758_1,SRR30333758,40451510,40122532,39-151,30-151,25.050132862778177,0.004468810692206564,-25.04566405208597,not detected,not detected,,,fail,pass,improved,pass,pass,unchanged,fail,fail,unchanged,warn,warn,unchanged,99.1867349327627,0.968586,0.911543
SRR30333758_2,SRR30333758,40451272,40122532,30-151,30-151,25.528915382438406,0.004862604383990522,-25.524052778054415,not detected,not detected,,,fail,pass,improved,pass,pass,unchanged,warn,warn,unchanged,warn,warn,unchanged,99.1867349327627,0.968586,0.911543
SRR30333759_1,SRR30333759,42770472,42596005,38-151,30-151,28.76927801965805,0.00486430593667176,-28.76441371372138,not detected,not detected,,,fail,pass,improved,pass,pass,unchanged,fail,fail,unchanged,warn,warn,unchanged,99.59208074242993,0.970486,0.914979
SRR30333759_2,SRR30333759,42770418,42596005,30-151,30-151,28.800097300896148,0.004108366500567366,-28.79598893439558,not detected,not detected,,,fail,pass,improved,pass,pass,unchanged,warn,warn,unchanged,warn,warn,unchanged,99.59208074242993,0.970486,0.914979
SRR30333760_1,SRR30333760,40865354,40650266,37-151,30-151,28.686870056233943,0.005141417770796383,-28.681728638463145,not detected,not detected,,,fail,pass,improved,pass,pass,unchanged,fail,fail,unchanged,warn,warn,unchanged,99.47366661744812,0.969519,0.915876
SRR30333760_2,SRR30333760,40865285,40650266,30-151,30-151,28.21422143513743,0.005475978927173564,-28.208745456210256,not detected,not detected,,,fail,pass,improved,pass,pass,unchanged,warn,warn,unchanged,warn,warn,unchanged,99.47366661744812,0.969519,0.915876
SRR30333761_1,SRR30333761,41844421,41590549,66-151,30-151,31.9011750694316,0.004712609107420053,-31.89646246032418,not detected,not detected,,,fail,pass,improved,pass,pass,unchanged,fail,fail,unchanged,warn,warn,unchanged,99.39329546464509,0.969086,0.913105
SRR30333761_2,SRR30333761,41844175,41590549,30-151,30-151,31.915001311413118,0.004693373968206094,-31.910307937444912,not detected,not detected,,,fail,pass,improved,pass,pass,unchanged,warn,warn,unchanged,warn,warn,unchanged,99.39329546464509,0.969086,0.913105
SRR30333762_1,SRR30333762,40388094,40177953,47-151,30-151,27.724598739420582,0.005995825621081293,-27.7186029137995,not detected,not detected,,,fail,pass,improved,pass,pass,unchanged,fail,fail,unchanged,warn,warn,unchanged,99.47969567467085,0.9701,0.916983
SRR30333762_2,SRR30333762,40387963,40177953,30-151,30-151,28.97347905364774,0.003989750299125493,-28.969489303348613,not detected,not detected,,,fail,pass,improved,pass,pass,unchanged,warn,warn,unchanged,warn,warn,unchanged,99.47969567467085,0.9701,0.916983
SRR30333763_1,SRR30333763,42844247,42565096,33-151,30-151,31.307386496954887,0.004609410489759027,-31.302777086465127,not detected,not detected,,,fail,pass,improved,pass,pass,unchanged,fail,fail,unchanged,warn,warn,unchanged,99.34845161358537,0.972064,0.922073
SRR30333763_2,SRR30333763,42844155,42565096,30-151,30-151,30.858795091185716,0.005734745670490206,-30.853060345515225,not detected,not detected,,,fail,pass,improved,pass,pass,unchanged,warn,warn,unchanged,warn,warn,unchanged,99.34845161358537,0.972064,0.922073
SRR30333764_1,SRR30333764,40512573,40279730,56-151,30-151,30.313887987316924,0.004682255814525072,-30.3092057315024,not detected,not detected,,,fail,pass,improved,pass,pass,unchanged,fail,fail,unchanged,warn,warn,unchanged,99.42525743798105,0.971651,0.920256
SRR30333764_2,SRR30333764,40512475,40279730,30-151,30-151,30.099600184881325,0.005536283386209391,-30.094063901495115,not detected,not detected,,,fail,pass,improved,pass,pass,unchanged,warn,warn,unchanged,warn,warn,unchanged,99.42525743798105,0.971651,0.920256
SRR30333765_1,SRR30333765,40364475,40106350,32-151,30-151,28.849174924237214,0.005096449814056876,-28.844078474423156,not detected,not detected,,,fail,pass,improved,pass,pass,unchanged,fail,fail,unchanged,warn,warn,unchanged,99.36051195115229,0.96768,0.909738
SRR30333765_2,SRR30333765,40364203,40106350,30-151,30-151,28.926001586108363,0.004089128030847983,-28.921912458077514,not detected,not detected,,,fail,pass,improved,pass,pass,unchanged,warn,warn,unchanged,warn,warn,unchanged,99.36051195115229,0.96768,0.909738
SRR30333766_1,SRR30333766,45014719,44711428,47-151,30-151,29.87593458042024,0.005027797367599174,-29.87090678305264,not detected,not detected,,,fail,pass,improved,pass,pass,unchanged,fail,fail,unchanged,warn,warn,unchanged,99.32623817275771,0.972376,0.921945
SRR30333766_2,SRR30333766,45014642,44711428,30-151,30-151,29.499530397242747,0.005074765225570518,-29.494455632017175,not detected,not detected,,,fail,pass,improved,pass,pass,unchanged,warn,warn,unchanged,warn,warn,unchanged,99.32623817275771,0.972376,0.921945
SRR30333767_1,SRR30333767,42072326,41780826,34-151,30-151,30.2297215514065,0.005418753568921782,-30.224302797837577,not detected,not detected,,,fail,pass,improved,pass,pass,unchanged,fail,fail,unchanged,warn,warn,unchanged,99.3071455093783,0.969581,0.916032
SRR30333767_2,SRR30333767,42072166,41780826,30-151,30-151,30.02306322902415,0.006120032188928003,-30.01694319683522,not detected,not detected,,,fail,pass,improved,pass,pass,unchanged,warn,warn,unchanged,warn,warn,unchanged,99.3071455093783,0.969581,0.916032
SRR30333768_1,SRR30333768,41495290,41145131,38-151,30-151,35.43009580123431,0.005614273047277453,-35.42448152818703,not detected,not detected,,,fail,pass,improved,pass,pass,unchanged,fail,fail,unchanged,warn,warn,unchanged,99.15614760133018,0.965222,0.905892
SRR30333768_2,SRR30333768,41494831,41145131,30-151,30-151,35.52641291634613,0.007286402855297751,-35.51912651349083,not detected,not detected,,,fail,pass,improved,pass,pass,unchanged,warn,warn,unchanged,warn,warn,unchanged,99.15614760133018,0.965222,0.905892
