focus_read,stage,stage_label,position,position_end,max_adapter_pct
SRR30333754_2,raw,Raw FASTQ,1,1,1.5658080753811324e-05
SRR30333754_2,raw,Raw FASTQ,2,2,1.761534084803774e-05
SRR30333754_2,raw,Raw FASTQ,3,3,5.676054273256605e-05
SRR30333754_2,raw,Raw FASTQ,4,4,6.850410329792454e-05
SRR30333754_2,raw,Raw FASTQ,5,5,0.00016245258782079247
SRR30333754_2,raw,Raw FASTQ,6,6,0.0001918114892341887
SRR30333754_2,raw,Raw FASTQ,7,7,0.00030924709488777365
SRR30333754_2,raw,Raw FASTQ,8,8,0.00032490517564158494
SRR30333754_2,raw,Raw FASTQ,9,9,0.0003386059963011699
SRR30333754_2,raw,Raw FASTQ,10-14,14,0.0004736569428027925
SRR30333754_2,raw,Raw FASTQ,15-19,19,0.0007891672699920907
SRR30333754_2,raw,Raw FASTQ,20-24,24,0.0010917596805594945
SRR30333754_2,raw,Raw FASTQ,25-29,29,0.0016159139337933285
SRR30333754_2,raw,Raw FASTQ,30-34,34,0.003773206009649684
SRR30333754_2,raw,Raw FASTQ,35-39,39,0.0101288209876217
SRR30333754_2,raw,Raw FASTQ,40-44,44,0.026118070149376133
SRR30333754_2,raw,Raw FASTQ,45-49,49,0.052608802620692986
SRR30333754_2,raw,Raw FASTQ,50-54,54,0.1011715571746011
SRR30333754_2,raw,Raw FASTQ,55-59,59,0.17554665785116721
SRR30333754_2,raw,Raw FASTQ,60-64,64,0.2941859784627014
SRR30333754_2,raw,Raw FASTQ,65-69,69,0.48115285751166087
SRR30333754_2,raw,Raw FASTQ,70-74,74,0.7628609114216499
SRR30333754_2,raw,Raw FASTQ,75-79,79,1.2067502769033718
SRR30333754_2,raw,Raw FASTQ,80-84,84,1.8949734233438105
SRR30333754_2,raw,Raw FASTQ,85-89,89,2.9576055506330463
SRR30333754_2,raw,Raw FASTQ,90-94,94,4.54060424142177
SRR30333754_2,raw,Raw FASTQ,95-99,99,6.773631713720178
SRR30333754_2,raw,Raw FASTQ,100-104,104,9.748921109304558
SRR30333754_2,raw,Raw FASTQ,105-109,109,13.461856425968694
SRR30333754_2,raw,Raw FASTQ,110-114,114,17.8344854744878
SRR30333754_2,raw,Raw FASTQ,115-119,119,22.656156962864706
SRR30333754_2,raw,Raw FASTQ,120-124,124,27.719557510466938
SRR30333754_2,raw,Raw FASTQ,125-129,129,32.79757957387707
SRR30333754_2,raw,Raw FASTQ,130-134,134,37.735517792179294
SRR30333754_2,raw,Raw FASTQ,135-139,139,42.43572993960091
SRR30333754_2,raw,Raw FASTQ,140,140,45.12508359947177
SRR30333754_2,fastx,Current FASTX trimmed,1,1,1.5658080753811324e-05
SRR30333754_2,fastx,Current FASTX trimmed,2,2,1.761534084803774e-05
SRR30333754_2,fastx,Current FASTX trimmed,3,3,5.676054273256605e-05
SRR30333754_2,fastx,Current FASTX trimmed,4,4,6.850410329792454e-05
SRR30333754_2,fastx,Current FASTX trimmed,5,5,0.00016245258782079247
SRR30333754_2,fastx,Current FASTX trimmed,6,6,0.0001918114892341887
SRR30333754_2,fastx,Current FASTX trimmed,7,7,0.00030924709488777365
SRR30333754_2,fastx,Current FASTX trimmed,8,8,0.00032490517564158494
SRR30333754_2,fastx,Current FASTX trimmed,9,9,0.0003386059963011699
SRR30333754_2,fastx,Current FASTX trimmed,10-14,14,0.0004736569428027925
SRR30333754_2,fastx,Current FASTX trimmed,15-19,19,0.0007891672699920907
SRR30333754_2,fastx,Current FASTX trimmed,20-24,24,0.0010917596805594945
SRR30333754_2,fastx,Current FASTX trimmed,25-29,29,0.0016159139337933285
SRR30333754_2,fastx,Current FASTX trimmed,30-34,34,0.003773206009649684
SRR30333754_2,fastx,Current FASTX trimmed,35-39,39,0.0101288209876217
SRR30333754_2,fastx,Current FASTX trimmed,40-44,44,0.026118070149376133
SRR30333754_2,fastx,Current FASTX trimmed,45-49,49,0.052608802620692986
SRR30333754_2,fastx,Current FASTX trimmed,50-54,54,0.1011715571746011
SRR30333754_2,fastx,Current FASTX trimmed,55-59,59,0.17554665785116721
SRR30333754_2,fastx,Current FASTX trimmed,60-64,64,0.2941859784627014
SRR30333754_2,fastx,Current FASTX trimmed,65-69,69,0.48115285751166087
SRR30333754_2,fastx,Current FASTX trimmed,70-74,74,0.7628609114216499
SRR30333754_2,fastx,Current FASTX trimmed,75-79,79,1.2067502769033718
SRR30333754_2,fastx,Current FASTX trimmed,80-84,84,1.8949734233438105
SRR30333754_2,fastx,Current FASTX trimmed,85-89,89,2.9576055506330463
SRR30333754_2,fastx,Current FASTX trimmed,90-94,94,4.54060424142177
SRR30333754_2,fastx,Current FASTX trimmed,95-99,99,6.773631713720178
SRR30333754_2,fastx,Current FASTX trimmed,100-104,104,9.748921109304558
SRR30333754_2,fastx,Current FASTX trimmed,105-109,109,13.461856425968694
SRR30333754_2,fastx,Current FASTX trimmed,110-114,114,17.8344854744878
SRR30333754_2,fastx,Current FASTX trimmed,115-119,119,22.656156962864706
SRR30333754_2,fastx,Current FASTX trimmed,120-124,124,27.71955594465886
SRR30333754_2,fastx,Current FASTX trimmed,125-129,129,32.79757409354881
SRR30333754_2,fastx,Current FASTX trimmed,130-134,134,37.735444199199755
SRR30333754_2,fastx,Current FASTX trimmed,135-139,139,42.43333033872538
SRR30333754_2,fastx,Current FASTX trimmed,140,140,45.08971982408929
SRR30333754_2,fastp,fastp,1,1,0.0
SRR30333754_2,fastp,fastp,2,2,1.8430747582044627e-05
SRR30333754_2,fastp,fastp,3,3,5.938796443103269e-05
SRR30333754_2,fastp,fastp,4,4,6.96272686432797e-05
SRR30333754_2,fastp,fastp,5,5,0.00016792458908085103
SRR30333754_2,fastp,fastp,6,6,0.00019864250171759207
SRR30333754_2,fastp,fastp,7,7,0.0003215141522645563
SRR30333754_2,fastp,fastp,8,8,0.0003378970390041515
SRR30333754_2,fastp,fastp,9,9,0.0003522320649012973
SRR30333754_2,fastp,fastp,10-14,14,0.000493534463030306
SRR30333754_2,fastp,fastp,15-19,19,0.0007110172844984328
SRR30333754_2,fastp,fastp,20-24,24,0.0008842663117696522
SRR30333754_2,fastp,fastp,25-29,29,0.0011697381132070989
SRR30333754_2,fastp,fastp,30-34,34,0.0013028490679663101
SRR30333754_2,fastp,fastp,35-39,39,0.0014343217340515618
SRR30333754_2,fastp,fastp,40-44,44,0.0016714640196072027
SRR30333754_2,fastp,fastp,45-49,49,0.0020290205226988684
SRR30333754_2,fastp,fastp,50-54,54,0.00233169435521289
SRR30333754_2,fastp,fastp,55-59,59,0.0026437883476021795
SRR30333754_2,fastp,fastp,60-64,64,0.002891989081707047
SRR30333754_2,fastp,fastp,65-69,69,0.0030013448506938456
SRR30333754_2,fastp,fastp,70-74,74,0.0033634066476388993
SRR30333754_2,fastp,fastp,75-79,79,0.003634133851010711
SRR30333754_2,fastp,fastp,80-84,84,0.003828680631043404
SRR30333754_2,fastp,fastp,85-89,89,0.004149785211139471
SRR30333754_2,fastp,fastp,90-94,94,0.004670351437290108
SRR30333754_2,fastp,fastp,95-99,99,0.006992625632627732
SRR30333754_2,fastp,fastp,100-104,104,0.01039903735795807
SRR30333754_2,fastp,fastp,105-109,109,0.01481791148379539
SRR30333754_2,fastp,fastp,110-114,114,0.02030413068071734
SRR30333754_2,fastp,fastp,115-119,119,0.02686711510859919
SRR30333754_2,fastp,fastp,120-124,124,0.03444010450397708
SRR30333754_2,fastp,fastp,125-129,129,0.041858685191834284
SRR30333754_2,fastp,fastp,130-134,134,0.049371877050612654
SRR30333754_2,fastp,fastp,135-139,139,0.05578659635350116
SRR30333754_2,fastp,fastp,140,140,0.05889852568968728
SRR30333754_2,cutadapt,cutadapt,1,1,1.605756798699016e-05
SRR30333754_2,cutadapt,cutadapt,2,2,1.806476398536393e-05
SRR30333754_2,cutadapt,cutadapt,3,3,5.8208683952839327e-05
SRR30333754_2,cutadapt,cutadapt,4,4,6.824466394470818e-05
SRR30333754_2,cutadapt,cutadapt,5,5,0.0001665972678650229
SRR30333754_2,cutadapt,cutadapt,6,6,0.00019670520784062945
SRR30333754_2,cutadapt,cutadapt,7,7,0.00031713696774305565
SRR30333754_2,cutadapt,cutadapt,8,8,0.0003331945357300458
SRR30333754_2,cutadapt,cutadapt,9,9,0.0003472449077186622
SRR30333754_2,cutadapt,cutadapt,10-14,14,0.0004857414316064523
SRR30333754_2,cutadapt,cutadapt,15-19,19,0.0007948496153560127
SRR30333754_2,cutadapt,cutadapt,20-24,24,0.0010955275759124035
SRR30333754_2,cutadapt,cutadapt,25-29,29,0.0016165956570902342
SRR30333754_2,cutadapt,cutadapt,30-34,34,0.0037891846057300027
SRR30333754_2,cutadapt,cutadapt,35-39,39,0.010244326936500046
SRR30333754_2,cutadapt,cutadapt,40-44,44,0.026519474969713918
SRR30333754_2,cutadapt,cutadapt,45-49,49,0.0534817373766691
SRR30333754_2,cutadapt,cutadapt,50-54,54,0.10290412156622708
SRR30333754_2,cutadapt,cutadapt,55-59,59,0.17865328990965507
SRR30333754_2,cutadapt,cutadapt,60-64,64,0.2994431335781912
SRR30333754_2,cutadapt,cutadapt,65-69,69,0.48978312146877767
SRR30333754_2,cutadapt,cutadapt,70-74,74,0.7768972543465578
SRR30333754_2,cutadapt,cutadapt,75-79,79,1.230092805717779
SRR30333754_2,cutadapt,cutadapt,80-84,84,1.9329642702051124
SRR30333754_2,cutadapt,cutadapt,85-89,89,3.0177453187422225
SRR30333754_2,cutadapt,cutadapt,90-94,94,4.633378324631638
SRR30333754_2,cutadapt,cutadapt,95-99,99,6.911937186005548
SRR30333754_2,cutadapt,cutadapt,100-104,104,9.94750720809173
SRR30333754_2,cutadapt,cutadapt,105-109,109,13.73552121711548
SRR30333754_2,cutadapt,cutadapt,110-114,114,18.197322420610128
SRR30333754_2,cutadapt,cutadapt,115-119,119,23.11610514856813
SRR30333754_2,cutadapt,cutadapt,120-124,124,28.280196131149786
SRR30333754_2,cutadapt,cutadapt,125-129,129,33.46186854492039
SRR30333754_2,cutadapt,cutadapt,130-134,134,38.49856440324207
SRR30333754_2,cutadapt,cutadapt,135-139,139,43.27335209459433
SRR30333754_2,cutadapt,cutadapt,140,140,45.06009293919631
SRR30333756_2,raw,Raw FASTQ,1,1,4.017921052913891e-06
SRR30333756_2,raw,Raw FASTQ,2,2,1.8080644738112508e-05
SRR30333756_2,raw,Raw FASTQ,3,3,3.817025000268196e-05
SRR30333756_2,raw,Raw FASTQ,4,4,5.8259855267251415e-05
SRR30333756_2,raw,Raw FASTQ,5,5,0.00010647490790221811
SRR30333756_2,raw,Raw FASTQ,6,6,0.00013058243421970145
SRR30333756_2,raw,Raw FASTQ,7,7,0.00021495877633089316
SRR30333756_2,raw,Raw FASTQ,8,8,0.00022701253948963484
SRR30333756_2,raw,Raw FASTQ,9,9,0.00022701253948963484
SRR30333756_2,raw,Raw FASTQ,10-14,14,0.000376880994763323
SRR30333756_2,raw,Raw FASTQ,15-19,19,0.0005392050053010442
SRR30333756_2,raw,Raw FASTQ,20-24,24,0.0006360369026762689
SRR30333756_2,raw,Raw FASTQ,25-29,29,0.0009333630605918967
SRR30333756_2,raw,Raw FASTQ,30-34,34,0.0011033211211301545
SRR30333756_2,raw,Raw FASTQ,35-39,39,0.0021660612396258785
SRR30333756_2,raw,Raw FASTQ,40-44,44,0.005324950771426779
SRR30333756_2,raw,Raw FASTQ,45-49,49,0.0108439671297093
SRR30333756_2,raw,Raw FASTQ,50-54,54,0.02185949948837802
SRR30333756_2,raw,Raw FASTQ,55-59,59,0.03979991878174383
SRR30333756_2,raw,Raw FASTQ,60-64,64,0.0698511557128027
SRR30333756_2,raw,Raw FASTQ,65-69,69,0.1198991839321087
SRR30333756_2,raw,Raw FASTQ,70-74,74,0.20204718702735436
SRR30333756_2,raw,Raw FASTQ,75-79,79,0.3430681801425261
SRR30333756_2,raw,Raw FASTQ,80-84,84,0.5816804577119232
SRR30333756_2,raw,Raw FASTQ,85-89,89,0.9864128776298348
SRR30333756_2,raw,Raw FASTQ,90-94,94,1.6583824500744178
SRR30333756_2,raw,Raw FASTQ,95-99,99,2.7183803374515283
SRR30333756_2,raw,Raw FASTQ,100-104,104,4.294734116685972
SRR30333756_2,raw,Raw FASTQ,105-109,109,6.485746244258341
SRR30333756_2,raw,Raw FASTQ,110-114,114,9.33349721094001
SRR30333756_2,raw,Raw FASTQ,115-119,119,12.772413339771115
SRR30333756_2,raw,Raw FASTQ,120-124,124,16.709765432563554
SRR30333756_2,raw,Raw FASTQ,125-129,129,20.96209280328865
SRR30333756_2,raw,Raw FASTQ,130-134,134,25.387084304381144
SRR30333756_2,raw,Raw FASTQ,135-139,139,29.86225642508769
SRR30333756_2,raw,Raw FASTQ,140,140,32.52772676915392
SRR30333756_2,fastx,Current FASTX trimmed,1,1,4.017921052913891e-06
SRR30333756_2,fastx,Current FASTX trimmed,2,2,1.8080644738112508e-05
SRR30333756_2,fastx,Current FASTX trimmed,3,3,3.817025000268196e-05
SRR30333756_2,fastx,Current FASTX trimmed,4,4,5.8259855267251415e-05
SRR30333756_2,fastx,Current FASTX trimmed,5,5,0.00010647490790221811
SRR30333756_2,fastx,Current FASTX trimmed,6,6,0.00013058243421970145
SRR30333756_2,fastx,Current FASTX trimmed,7,7,0.00021495877633089316
SRR30333756_2,fastx,Current FASTX trimmed,8,8,0.00022701253948963484
SRR30333756_2,fastx,Current FASTX trimmed,9,9,0.00022701253948963484
SRR30333756_2,fastx,Current FASTX trimmed,10-14,14,0.000376880994763323
SRR30333756_2,fastx,Current FASTX trimmed,15-19,19,0.0005392050053010442
SRR30333756_2,fastx,Current FASTX trimmed,20-24,24,0.0006360369026762689
SRR30333756_2,fastx,Current FASTX trimmed,25-29,29,0.0009333630605918967
SRR30333756_2,fastx,Current FASTX trimmed,30-34,34,0.0011033211211301545
SRR30333756_2,fastx,Current FASTX trimmed,35-39,39,0.0021660612396258785
SRR30333756_2,fastx,Current FASTX trimmed,40-44,44,0.005324950771426779
SRR30333756_2,fastx,Current FASTX trimmed,45-49,49,0.0108439671297093
SRR30333756_2,fastx,Current FASTX trimmed,50-54,54,0.02185949948837802
SRR30333756_2,fastx,Current FASTX trimmed,55-59,59,0.03979991878174383
SRR30333756_2,fastx,Current FASTX trimmed,60-64,64,0.0698511557128027
SRR30333756_2,fastx,Current FASTX trimmed,65-69,69,0.1198991839321087
SRR30333756_2,fastx,Current FASTX trimmed,70-74,74,0.20204718702735436
SRR30333756_2,fastx,Current FASTX trimmed,75-79,79,0.3430681801425261
SRR30333756_2,fastx,Current FASTX trimmed,80-84,84,0.5816804577119232
SRR30333756_2,fastx,Current FASTX trimmed,85-89,89,0.9864128776298348
SRR30333756_2,fastx,Current FASTX trimmed,90-94,94,1.6583824500744178
SRR30333756_2,fastx,Current FASTX trimmed,95-99,99,2.7183803374515283
SRR30333756_2,fastx,Current FASTX trimmed,100-104,104,4.294734116685972
SRR30333756_2,fastx,Current FASTX trimmed,105-109,109,6.485746244258341
SRR30333756_2,fastx,Current FASTX trimmed,110-114,114,9.33349721094001
SRR30333756_2,fastx,Current FASTX trimmed,115-119,119,12.772413339771115
SRR30333756_2,fastx,Current FASTX trimmed,120-124,124,16.709761816434604
SRR30333756_2,fastx,Current FASTX trimmed,125-129,129,20.962085972822862
SRR30333756_2,fastx,Current FASTX trimmed,130-134,134,25.386998722662717
SRR30333756_2,fastx,Current FASTX trimmed,135-139,139,29.858998694697988
SRR30333756_2,fastx,Current FASTX trimmed,140,140,32.48929937220385
SRR30333756_2,fastp,fastp,1,1,2.0973961560810908e-06
SRR30333756_2,fastp,fastp,2,2,1.8876565404729817e-05
SRR30333756_2,fastp,fastp,3,3,3.565573465337855e-05
SRR30333756_2,fastp,fastp,4,4,5.662969621418945e-05
SRR30333756_2,fastp,fastp,5,5,0.00010696720396013563
SRR30333756_2,fastp,fastp,6,6,0.00013213595783310872
SRR30333756_2,fastp,fastp,7,7,0.00021812920023243343
SRR30333756_2,fastp,fastp,8,8,0.00023071357716891998
SRR30333756_2,fastp,fastp,9,9,0.00023071357716891998
SRR30333756_2,fastp,fastp,10-14,14,0.00038592089271892075
SRR30333756_2,fastp,fastp,15-19,19,0.0005541320644366243
SRR30333756_2,fastp,fastp,20-24,24,0.0006535486422348678
SRR30333756_2,fastp,fastp,25-29,29,0.0009639632733348693
SRR30333756_2,fastp,fastp,30-34,34,0.0011414029881393294
SRR30333756_2,fastp,fastp,35-39,39,0.00123452737746933
SRR30333756_2,fastp,fastp,40-44,44,0.0015407472162571694
SRR30333756_2,fastp,fastp,45-49,49,0.0018406748665767652
SRR30333756_2,fastp,fastp,50-54,54,0.002155703769220145
SRR30333756_2,fastp,fastp,55-59,59,0.002504710489592038
SRR30333756_2,fastp,fastp,60-64,64,0.0027492668813910936
SRR30333756_2,fastp,fastp,65-69,69,0.0028486834591893375
SRR30333756_2,fastp,fastp,70-74,74,0.0032291511219024473
SRR30333756_2,fastp,fastp,75-79,79,0.003532854085302989
SRR30333756_2,fastp,fastp,80-84,84,0.003738818387830152
SRR30333756_2,fastp,fastp,85-89,89,0.00412390032208664
SRR30333756_2,fastp,fastp,90-94,94,0.004315602330752452
SRR30333756_2,fastp,fastp,95-99,99,0.004541701636377994
SRR30333756_2,fastp,fastp,100-104,104,0.004790452820489211
SRR30333756_2,fastp,fastp,105-109,109,0.007340886546283819
SRR30333756_2,fastp,fastp,110-114,114,0.01106418420255897
SRR30333756_2,fastp,fastp,115-119,119,0.015781228157585342
SRR30333756_2,fastp,fastp,120-124,124,0.02147272236672699
SRR30333756_2,fastp,fastp,125-129,129,0.027975908888272023
SRR30333756_2,fastp,fastp,130-134,134,0.03458857948916448
SRR30333756_2,fastp,fastp,135-139,139,0.04041137069767681
SRR30333756_2,fastp,fastp,140,140,0.04344546397706371
SRR30333756_2,cutadapt,cutadapt,1,1,2.0572765965798474e-06
SRR30333756_2,cutadapt,cutadapt,2,2,1.851548936921863e-05
SRR30333756_2,cutadapt,cutadapt,3,3,3.703097873843726e-05
SRR30333756_2,cutadapt,cutadapt,4,4,5.7603744704235734e-05
SRR30333756_2,cutadapt,cutadapt,5,5,0.00010697838302215207
SRR30333756_2,cutadapt,cutadapt,6,6,0.00013166570218111023
SRR30333756_2,cutadapt,cutadapt,7,7,0.00021807131923746385
SRR30333756_2,cutadapt,cutadapt,8,8,0.00023041497881694294
SRR30333756_2,cutadapt,cutadapt,9,9,0.00023041497881694294
SRR30333756_2,cutadapt,cutadapt,10-14,14,0.00038388781292179956
SRR30333756_2,cutadapt,cutadapt,15-19,19,0.0005501157619254513
SRR30333756_2,cutadapt,cutadapt,20-24,24,0.0006492764938806
SRR30333756_2,cutadapt,cutadapt,25-29,29,0.0009537534301744174
SRR30333756_2,cutadapt,cutadapt,30-34,34,0.0011277990302450726
SRR30333756_2,cutadapt,cutadapt,35-39,39,0.002130927098737406
SRR30333756_2,cutadapt,cutadapt,40-44,44,0.005306127797898743
SRR30333756_2,cutadapt,cutadapt,45-49,49,0.010870238081008598
SRR30333756_2,cutadapt,cutadapt,50-54,54,0.022025614698303164
SRR30333756_2,cutadapt,cutadapt,55-59,59,0.04019877324185091
SRR30333756_2,cutadapt,cutadapt,60-64,64,0.07060696716057832
SRR30333756_2,cutadapt,cutadapt,65-69,69,0.12125999715560938
SRR30333756_2,cutadapt,cutadapt,70-74,74,0.20470683901076187
SRR30333756_2,cutadapt,cutadapt,75-79,79,0.34825742809031385
SRR30333756_2,cutadapt,cutadapt,80-84,84,0.5912217941463939
SRR30333756_2,cutadapt,cutadapt,85-89,89,1.0032136511987513
SRR30333756_2,cutadapt,cutadapt,90-94,94,1.6871519640891672
SRR30333756_2,cutadapt,cutadapt,95-99,99,2.7658322812249376
SRR30333756_2,cutadapt,cutadapt,100-104,104,4.369902364327187
SRR30333756_2,cutadapt,cutadapt,105-109,109,6.60055059716465
SRR30333756_2,cutadapt,cutadapt,110-114,114,9.500354376180145
SRR30333756_2,cutadapt,cutadapt,115-119,119,12.999846465447595
SRR30333756_2,cutadapt,cutadapt,120-124,124,17.004291334971104
SRR30333756_2,cutadapt,cutadapt,125-129,129,21.329653249527016
SRR30333756_2,cutadapt,cutadapt,130-134,134,25.83009022536251
SRR30333756_2,cutadapt,cutadapt,135-139,139,30.29866780436806
SRR30333756_2,cutadapt,cutadapt,140,140,31.883106942730418
SRR30333743_1,raw,Raw FASTQ,1,1,2.595026942268376e-05
SRR30333743_1,raw,Raw FASTQ,2,2,4.7908189703416166e-05
SRR30333743_1,raw,Raw FASTQ,3,3,7.785080826805127e-05
SRR30333743_1,raw,Raw FASTQ,4,4,0.00013374369625537014
SRR30333743_1,raw,Raw FASTQ,5,5,0.00019961745709756737
SRR30333743_1,raw,Raw FASTQ,6,6,0.00031938793135610777
SRR30333743_1,raw,Raw FASTQ,7,7,0.0003672961210595239
SRR30333743_1,raw,Raw FASTQ,8,8,0.0004591201513244049
SRR30333743_1,raw,Raw FASTQ,9,9,0.0005389671341634319
SRR30333743_1,raw,Raw FASTQ,10-14,14,0.0009637530828670553
SRR30333743_1,raw,Raw FASTQ,15-19,19,0.001387341326828093
SRR30333743_1,raw,Raw FASTQ,20-24,24,0.0016628134176227363
SRR30333743_1,raw,Raw FASTQ,25-29,29,0.0024105804119102237
SRR30333743_1,raw,Raw FASTQ,30-34,34,0.005796491719199161
SRR30333743_1,raw,Raw FASTQ,35-39,39,0.015925480727243924
SRR30333743_1,raw,Raw FASTQ,40-44,44,0.04126531996612333
SRR30333743_1,raw,Raw FASTQ,45-49,49,0.08274103673202748
SRR30333743_1,raw,Raw FASTQ,50-54,54,0.15864437708863488
SRR30333743_1,raw,Raw FASTQ,55-59,59,0.2741885505455056
SRR30333743_1,raw,Raw FASTQ,60-64,64,0.451928732815008
SRR30333743_1,raw,Raw FASTQ,65-69,69,0.722322954736003
SRR30333743_1,raw,Raw FASTQ,70-74,74,1.1166955869111552
SRR30333743_1,raw,Raw FASTQ,75-79,79,1.71904365911255
SRR30333743_1,raw,Raw FASTQ,80-84,84,2.617788921666297
SRR30333743_1,raw,Raw FASTQ,85-89,89,3.9521541707901813
SRR30333743_1,raw,Raw FASTQ,90-94,94,5.869263860123736
SRR30333743_1,raw,Raw FASTQ,95-99,99,8.506161362488154
SRR30333743_1,raw,Raw FASTQ,100-104,104,11.944831563687979
SRR30333743_1,raw,Raw FASTQ,105-109,109,16.143882586289287
SRR30333743_1,raw,Raw FASTQ,110-114,114,20.97281531618437
SRR30333743_1,raw,Raw FASTQ,115-119,119,26.166203610724477
SRR30333743_1,raw,Raw FASTQ,120-124,124,31.51892057099615
SRR30333743_1,raw,Raw FASTQ,125-129,129,36.78531735353005
SRR30333743_1,raw,Raw FASTQ,130-134,134,41.82309665403414
SRR30333743_1,raw,Raw FASTQ,135-139,139,46.53601012092446
SRR30333743_1,raw,Raw FASTQ,140,140,49.21006681216251
SRR30333743_1,fastx,Current FASTX trimmed,1,1,2.595026942268376e-05
SRR30333743_1,fastx,Current FASTX trimmed,2,2,4.7908189703416166e-05
SRR30333743_1,fastx,Current FASTX trimmed,3,3,7.785080826805127e-05
SRR30333743_1,fastx,Current FASTX trimmed,4,4,0.00013374369625537014
SRR30333743_1,fastx,Current FASTX trimmed,5,5,0.00019961745709756737
SRR30333743_1,fastx,Current FASTX trimmed,6,6,0.00031938793135610777
SRR30333743_1,fastx,Current FASTX trimmed,7,7,0.0003672961210595239
SRR30333743_1,fastx,Current FASTX trimmed,8,8,0.0004591201513244049
SRR30333743_1,fastx,Current FASTX trimmed,9,9,0.0005389671341634319
SRR30333743_1,fastx,Current FASTX trimmed,10-14,14,0.0009637530828670553
SRR30333743_1,fastx,Current FASTX trimmed,15-19,19,0.001387341326828093
SRR30333743_1,fastx,Current FASTX trimmed,20-24,24,0.0016628134176227363
SRR30333743_1,fastx,Current FASTX trimmed,25-29,29,0.0024105804119102237
SRR30333743_1,fastx,Current FASTX trimmed,30-34,34,0.005796491719199161
SRR30333743_1,fastx,Current FASTX trimmed,35-39,39,0.015925480727243924
SRR30333743_1,fastx,Current FASTX trimmed,40-44,44,0.04126531996612333
SRR30333743_1,fastx,Current FASTX trimmed,45-49,49,0.08274103673202748
SRR30333743_1,fastx,Current FASTX trimmed,50-54,54,0.15864437708863488
SRR30333743_1,fastx,Current FASTX trimmed,55-59,59,0.2741885505455056
SRR30333743_1,fastx,Current FASTX trimmed,60-64,64,0.451928732815008
SRR30333743_1,fastx,Current FASTX trimmed,65-69,69,0.722322954736003
SRR30333743_1,fastx,Current FASTX trimmed,70-74,74,1.1166955869111552
SRR30333743_1,fastx,Current FASTX trimmed,75-79,79,1.71904365911255
SRR30333743_1,fastx,Current FASTX trimmed,80-84,84,2.617788921666297
SRR30333743_1,fastx,Current FASTX trimmed,85-89,89,3.9521541707901813
SRR30333743_1,fastx,Current FASTX trimmed,90-94,94,5.869263860123736
SRR30333743_1,fastx,Current FASTX trimmed,95-99,99,8.506161362488154
SRR30333743_1,fastx,Current FASTX trimmed,100-104,104,11.944831563687979
SRR30333743_1,fastx,Current FASTX trimmed,105-109,109,16.143882586289287
SRR30333743_1,fastx,Current FASTX trimmed,110-114,114,20.97281531618437
SRR30333743_1,fastx,Current FASTX trimmed,115-119,119,26.166203610724477
SRR30333743_1,fastx,Current FASTX trimmed,120-124,124,31.51892057099615
SRR30333743_1,fastx,Current FASTX trimmed,125-129,129,36.78531735353005
SRR30333743_1,fastx,Current FASTX trimmed,130-134,134,41.82307669228844
SRR30333743_1,fastx,Current FASTX trimmed,135-139,139,46.53481401312153
SRR30333743_1,fastx,Current FASTX trimmed,140,140,49.176836494079474
SRR30333743_1,fastp,fastp,1,1,1.4440012896169232e-05
SRR30333743_1,fastp,fastp,2,2,4.9508615644008796e-05
SRR30333743_1,fastp,fastp,3,3,8.045150042151429e-05
SRR30333743_1,fastp,fastp,4,4,0.00010108009027318463
SRR30333743_1,fastp,fastp,5,5,0.00010726866722868572
SRR30333743_1,fastp,fastp,6,6,0.0001361486930210242
SRR30333743_1,fastp,fastp,7,7,0.0001423372699765253
SRR30333743_1,fastp,fastp,8,8,0.00017121729576886376
SRR30333743_1,fastp,fastp,9,9,0.00018359444967986594
SRR30333743_1,fastp,fastp,10-14,14,0.000419998089380008
SRR30333743_1,fastp,fastp,15-19,19,0.0005330427617671614
SRR30333743_1,fastp,fastp,20-24,24,0.0005445947720840968
SRR30333743_1,fastp,fastp,25-29,29,0.0007178749268381276
SRR30333743_1,fastp,fastp,30-34,34,0.0010120386181229463
SRR30333743_1,fastp,fastp,35-39,39,0.0012868114349471953
SRR30333743_1,fastp,fastp,40-44,44,0.00136973836615091
SRR30333743_1,fastp,fastp,45-49,49,0.0016383226060196578
SRR30333743_1,fastp,fastp,50-54,54,0.0019077319894824723
SRR30333743_1,fastp,fastp,55-59,59,0.0019254725767549087
SRR30333743_1,fastp,fastp,60-64,64,0.0019407377332451448
SRR30333743_1,fastp,fastp,65-69,69,0.0019485765973887791
SRR30333743_1,fastp,fastp,70-74,74,0.002087613292989037
SRR30333743_1,fastp,fastp,75-79,79,0.002144960772776681
SRR30333743_1,fastp,fastp,80-84,84,0.002281109465797705
SRR30333743_1,fastp,fastp,85-89,89,0.002342582663555683
SRR30333743_1,fastp,fastp,90-94,94,0.0026326206368701677
SRR30333743_1,fastp,fastp,95-99,99,0.0029569020693384256
SRR30333743_1,fastp,fastp,100-104,104,0.003192893137241534
SRR30333743_1,fastp,fastp,105-109,109,0.003559256893007199
SRR30333743_1,fastp,fastp,110-114,114,0.003976366979807973
SRR30333743_1,fastp,fastp,115-119,119,0.0043518073151083735
SRR30333743_1,fastp,fastp,120-124,124,0.004695479622037201
SRR30333743_1,fastp,fastp,125-129,129,0.00497149015425255
SRR30333743_1,fastp,fastp,130-134,134,0.005166224042452318
SRR30333743_1,fastp,fastp,135-139,139,0.0053366161946271145
SRR30333743_1,fastp,fastp,140,140,0.0053737476563601215
SRR30333743_1,cutadapt,cutadapt,1,1,1.6259694309210648e-05
SRR30333743_1,cutadapt,cutadapt,2,2,4.877908292763194e-05
SRR30333743_1,cutadapt,cutadapt,3,3,7.92660097574019e-05
SRR30333743_1,cutadapt,cutadapt,4,4,9.959062764391522e-05
SRR30333743_1,cutadapt,cutadapt,5,5,0.0001056880130098692
SRR30333743_1,cutadapt,cutadapt,6,6,0.00013414247805098784
SRR30333743_1,cutadapt,cutadapt,7,7,0.0001382074016282905
SRR30333743_1,cutadapt,cutadapt,8,8,0.0001646294048807578
SRR30333743_1,cutadapt,cutadapt,9,9,0.00017682417561266578
SRR30333743_1,cutadapt,cutadapt,10-14,14,0.00041177675838075965
SRR30333743_1,cutadapt,cutadapt,15-19,19,0.0005203102178947406
SRR30333743_1,cutadapt,cutadapt,20-24,24,0.0005304725268379973
SRR30333743_1,cutadapt,cutadapt,25-29,29,0.0006995733476537881
SRR30333743_1,cutadapt,cutadapt,30-34,34,0.0009747686738371782
SRR30333743_1,cutadapt,cutadapt,35-39,39,0.0012458990764432657
SRR30333743_1,cutadapt,cutadapt,40-44,44,0.0013337014257130031
SRR30333743_1,cutadapt,cutadapt,45-49,49,0.0016105227213273146
SRR30333743_1,cutadapt,cutadapt,50-54,54,0.0019036037112508367
SRR30333743_1,cutadapt,cutadapt,55-59,59,0.0019499438400320868
SRR30333743_1,cutadapt,cutadapt,60-64,64,0.0020027878465370213
SRR30333743_1,cutadapt,cutadapt,65-69,69,0.002075143486213009
SRR30333743_1,cutadapt,cutadapt,70-74,74,0.002357655674835544
SRR30333743_1,cutadapt,cutadapt,75-79,79,0.0027369130445978824
SRR30333743_1,cutadapt,cutadapt,80-84,84,0.0036629026355074284
SRR30333743_1,cutadapt,cutadapt,85-89,89,0.005107982967238525
SRR30333743_1,cutadapt,cutadapt,90-94,94,0.007327837732803507
SRR30333743_1,cutadapt,cutadapt,95-99,99,0.009733865998208954
SRR30333743_1,cutadapt,cutadapt,100-104,104,0.012459803749148119
SRR30333743_1,cutadapt,cutadapt,105-109,109,0.016140185556037946
SRR30333743_1,cutadapt,cutadapt,110-114,114,0.019448220363246855
SRR30333743_1,cutadapt,cutadapt,115-119,119,0.02288145481663668
SRR30333743_1,cutadapt,cutadapt,120-124,124,0.025788281666765816
SRR30333743_1,cutadapt,cutadapt,125-129,129,0.02929305877511617
SRR30333743_1,cutadapt,cutadapt,130-134,134,0.03175274403174201
SRR30333743_1,cutadapt,cutadapt,135-139,139,0.03374618255405124
SRR30333743_1,cutadapt,cutadapt,140,140,0.03379577462169433
