stage,report_id,Filename,File type,Encoding,Total Sequences,Sequences flagged as poor quality,Sequence length,%GC,pbq_min_10th,pbq_min_mean,adapter_max,deduplicated_pct,sample,read
raw,SRR30333743_1,SRR30333743_1.fastq.gz,Conventional base calls,Sanger / Illumina 1.9,50095819,0,151,53,12.0,35.49808739527744,49.21006681216251,29.943572650157062,SRR30333743,1
raw,SRR30333743_2,SRR30333743_2.fastq.gz,Conventional base calls,Sanger / Illumina 1.9,50095819,0,151,53,12.0,33.417361157425134,49.426148717121485,28.14723686649015,SRR30333743,2
raw,SRR30333744_1,SRR30333744_1.fastq.gz,Conventional base calls,Sanger / Illumina 1.9,45278477,0,151,53,24.0,36.456478715041584,39.1587309794011,36.25352351978061,SRR30333744,1
raw,SRR30333744_2,SRR30333744_2.fastq.gz,Conventional base calls,Sanger / Illumina 1.9,45278477,0,151,54,12.0,34.556082087301654,39.21893397606991,35.78551104540189,SRR30333744,2
raw,SRR30333745_1,SRR30333745_1.fastq.gz,Conventional base calls,Sanger / Illumina 1.9,47813388,0,151,53,18.0,35.8555364660626,44.901971807561516,33.544724717816976,SRR30333745,1
raw,SRR30333745_2,SRR30333745_2.fastq.gz,Conventional base calls,Sanger / Illumina 1.9,47813388,0,151,54,12.0,34.24120332154668,45.10398635629,32.200552232663874,SRR30333745,2
raw,SRR30333746_1,SRR30333746_1.fastq.gz,Conventional base calls,Sanger / Illumina 1.9,42216035,0,151,53,24.0,36.27152564185623,40.59551068687526,37.923483549343906,SRR30333746,1
raw,SRR30333746_2,SRR30333746_2.fastq.gz,Conventional base calls,Sanger / Illumina 1.9,42216035,0,151,53,18.0,34.71016868353459,40.82067394533854,35.493345479226285,SRR30333746,2
raw,SRR30333747_1,SRR30333747_1.fastq.gz,Conventional base calls,Sanger / Illumina 1.9,41136868,0,151,51,24.0,36.95992718745627,34.01490118304583,41.44198204299306,SRR30333747,1
raw,SRR30333747_2,SRR30333747_2.fastq.gz,Conventional base calls,Sanger / Illumina 1.9,41136868,0,151,52,18.0,34.75794802851787,34.098244912568454,41.222690402451654,SRR30333747,2
raw,SRR30333748_1,SRR30333748_1.fastq.gz,Conventional base calls,Sanger / Illumina 1.9,65409634,0,151,52,24.0,36.85897679843309,30.761641320298473,34.688768667404574,SRR30333748,1
raw,SRR30333748_2,SRR30333748_2.fastq.gz,Conventional base calls,Sanger / Illumina 1.9,65409634,0,151,53,18.0,35.419622008586686,30.874406054618806,34.54142539757339,SRR30333748,2
raw,SRR30333749_1,SRR30333749_1.fastq.gz,Conventional base calls,Sanger / Illumina 1.9,53414494,0,151,51,24.0,37.539621212175106,26.30556792319328,23.467360972382345,SRR30333749,1
raw,SRR30333749_2,SRR30333749_2.fastq.gz,Conventional base calls,Sanger / Illumina 1.9,53414494,0,151,52,18.0,35.650989261454015,26.28906491185707,22.570908881387485,SRR30333749,2
raw,SRR30333750_1,SRR30333750_1.fastq.gz,Conventional base calls,Sanger / Illumina 1.9,52941542,0,151,52,24.0,36.538165473155274,34.837606354571236,37.84809371566401,SRR30333750,1
raw,SRR30333750_2,SRR30333750_2.fastq.gz,Conventional base calls,Sanger / Illumina 1.9,52941542,0,151,52,18.0,35.11986830682038,34.942684517953786,36.954291966211265,SRR30333750,2
raw,SRR30333751_1,SRR30333751_1.fastq.gz,Conventional base calls,Sanger / Illumina 1.9,55234926,0,151,52,24.0,36.481877770597535,36.27424249649579,36.66674194827691,SRR30333751,1
raw,SRR30333751_2,SRR30333751_2.fastq.gz,Conventional base calls,Sanger / Illumina 1.9,55234926,0,151,52,18.0,34.94054359736084,36.46513982837598,35.61540352571399,SRR30333751,2
raw,SRR30333752_1,SRR30333752_1.fastq.gz,Conventional base calls,Sanger / Illumina 1.9,59339030,0,151,52,24.0,36.839747751185016,31.881148040337028,36.519360198615985,SRR30333752,1
raw,SRR30333752_2,SRR30333752_2.fastq.gz,Conventional base calls,Sanger / Illumina 1.9,59339030,0,151,52,18.0,35.08939124889638,31.88928096734982,35.78575638611787,SRR30333752,2
raw,SRR30333753_1,SRR30333753_1.fastq.gz,Conventional base calls,Sanger / Illumina 1.9,40311762,0,151,53,18.0,35.63532551616077,46.60071668412807,36.35170987156243,SRR30333753,1
raw,SRR30333753_2,SRR30333753_2.fastq.gz,Conventional base calls,Sanger / Illumina 1.9,40311762,0,151,53,12.0,33.984904256975916,46.70125309828928,34.50516533258807,SRR30333753,2
raw,SRR30333754_1,SRR30333754_1.fastq.gz,Conventional base calls,Sanger / Illumina 1.9,51091830,0,151,52,24.0,36.15852959269613,44.903234039571494,30.81598804849176,SRR30333754,1
raw,SRR30333754_2,SRR30333754_2.fastq.gz,Conventional base calls,Sanger / Illumina 1.9,51091830,0,151,54,12.0,34.18515449534691,45.12508359947177,30.060343209006234,SRR30333754,2
raw,SRR30333755_1,SRR30333755_1.fastq.gz,Conventional base calls,Sanger / Illumina 1.9,40136901,0,151,53,12.0,35.19190579761003,48.3304079704609,33.86979369755573,SRR30333755,1
raw,SRR30333755_2,SRR30333755_2.fastq.gz,Conventional base calls,Sanger / Illumina 1.9,40136901,0,151,53,12.0,33.31705190692226,48.651812953870056,31.754791510829094,SRR30333755,2
raw,SRR30333756_1,SRR30333756_1.fastq.gz,Conventional base calls,Sanger / Illumina 1.9,49776986,0,151,52,24.0,37.15798377185794,32.438540975542395,29.739155761704428,SRR30333756,1
raw,SRR30333756_2,SRR30333756_2.fastq.gz,Conventional base calls,Sanger / Illumina 1.9,49776986,0,151,53,18.0,34.93266500707777,32.52772676915392,28.968642135665114,SRR30333756,2
raw,SRR30333757_1,SRR30333757_1.fastq.gz,Conventional base calls,Sanger / Illumina 1.9,45214590,0,151,49,25.0,34.19786032561613,28.892653897779457,35.52888161169307,SRR30333757,1
raw,SRR30333757_2,SRR30333757_2.fastq.gz,Conventional base calls,Sanger / Illumina 1.9,45214590,0,151,49,25.0,33.65590447685139,29.07501096438119,35.857492145329395,SRR30333757,2
raw,SRR30333758_1,SRR30333758_1.fastq.gz,Conventional base calls,Sanger / Illumina 1.9,40451510,0,151,49,25.0,34.10727972824748,25.084351610112947,34.5013749142283,SRR30333758,1
raw,SRR30333758_2,SRR30333758_2.fastq.gz,Conventional base calls,Sanger / Illumina 1.9,40451510,0,151,49,25.0,33.73777054305266,25.551560374384046,35.891171725832024,SRR30333758,2
raw,SRR30333759_1,SRR30333759_1.fastq.gz,Conventional base calls,Sanger / Illumina 1.9,42770474,0,151,49,25.0,34.129914961896375,28.806627207358048,35.489335364535165,SRR30333759,1
raw,SRR30333759_2,SRR30333759_2.fastq.gz,Conventional base calls,Sanger / Illumina 1.9,42770474,0,151,49,25.0,33.72481911236242,28.824239824884803,35.623653392491974,SRR30333759,2
raw,SRR30333760_1,SRR30333760_1.fastq.gz,Conventional base calls,Sanger / Illumina 1.9,40865354,0,151,49,25.0,34.528219368905994,28.721990270780477,34.7783746969823,SRR30333760,1
raw,SRR30333760_2,SRR30333760_2.fastq.gz,Conventional base calls,Sanger / Illumina 1.9,40865354,0,151,49,25.0,33.575290966523866,28.242545017473727,36.04307582110643,SRR30333760,2
raw,SRR30333761_1,SRR30333761_1.fastq.gz,Conventional base calls,Sanger / Illumina 1.9,41844421,0,151,49,25.0,34.00576521300175,31.94397408438272,37.47836399049046,SRR30333761,1
raw,SRR30333761_2,SRR30333761_2.fastq.gz,Conventional base calls,Sanger / Illumina 1.9,41844421,0,151,49,25.0,33.73527585672652,31.943505682633294,36.246616409122126,SRR30333761,2
raw,SRR30333762_1,SRR30333762_1.fastq.gz,Conventional base calls,Sanger / Illumina 1.9,40388094,0,151,49,25.0,34.20622315081271,27.754035632382156,34.83281828716763,SRR30333762,1
raw,SRR30333762_2,SRR30333762_2.fastq.gz,Conventional base calls,Sanger / Illumina 1.9,40388094,0,151,49,25.0,33.87262168152823,28.999392741831294,36.25002571872968,SRR30333762,2
raw,SRR30333763_1,SRR30333763_1.fastq.gz,Conventional base calls,Sanger / Illumina 1.9,42844247,0,151,49,25.0,34.62579021402803,31.338100072105362,34.23492245996461,SRR30333763,1
raw,SRR30333763_2,SRR30333763_2.fastq.gz,Conventional base calls,Sanger / Illumina 1.9,42844247,0,151,49,25.0,33.682070675673216,30.88482334629431,35.67303533551781,SRR30333763,2
raw,SRR30333764_1,SRR30333764_1.fastq.gz,Conventional base calls,Sanger / Illumina 1.9,40512573,0,151,49,25.0,34.38507733142498,30.348709276006733,35.437114284951306,SRR30333764,1
raw,SRR30333764_2,SRR30333764_2.fastq.gz,Conventional base calls,Sanger / Illumina 1.9,40512573,0,151,49,25.0,33.77048821362198,30.125988295041147,36.3708649060482,SRR30333764,2
raw,SRR30333765_1,SRR30333765_1.fastq.gz,Conventional base calls,Sanger / Illumina 1.9,40364476,0,151,49,25.0,33.896900829333205,28.891292927969634,38.06785519879142,SRR30333765,1
raw,SRR30333765_2,SRR30333765_2.fastq.gz,Conventional base calls,Sanger / Illumina 1.9,40364476,0,151,49,25.0,33.6262124150949,28.957199890319398,37.38327978655291,SRR30333765,2
raw,SRR30333766_1,SRR30333766_1.fastq.gz,Conventional base calls,Sanger / Illumina 1.9,45014720,0,151,49,25.0,34.74331323176064,29.909827274278282,34.48889584277469,SRR30333766,1
raw,SRR30333766_2,SRR30333766_2.fastq.gz,Conventional base calls,Sanger / Illumina 1.9,45014720,0,151,49,25.0,33.670380177861816,29.526781461708527,35.29743662213995,SRR30333766,2
raw,SRR30333767_1,SRR30333767_1.fastq.gz,Conventional base calls,Sanger / Illumina 1.9,42072326,0,151,49,25.0,34.156459771204474,30.265654910546186,35.37781937809531,SRR30333767,1
raw,SRR30333767_2,SRR30333767_2.fastq.gz,Conventional base calls,Sanger / Illumina 1.9,42072326,0,151,49,25.0,33.56641440504145,30.050320963951457,36.11028242410249,SRR30333767,2
raw,SRR30333768_1,SRR30333768_1.fastq.gz,Conventional base calls,Sanger / Illumina 1.9,41495290,0,151,49,25.0,33.778243687416094,35.47375858802288,35.877409147463894,SRR30333768,1
raw,SRR30333768_2,SRR30333768_2.fastq.gz,Conventional base calls,Sanger / Illumina 1.9,41495290,0,151,49,25.0,33.41963217994139,35.55516059774495,37.712200489674466,SRR30333768,2
trimmed,SRR30333743_1,SRR30333743_1.trim.fastq.gz,Conventional base calls,Sanger / Illumina 1.9,50095819,0,118-151,53,24.0,36.57401789744448,49.176836494079474,29.943572650157062,SRR30333743,1
trimmed,SRR30333743_2,SRR30333743_2.trim.fastq.gz,Conventional base calls,Sanger / Illumina 1.9,50095819,0,80-151,53,12.0,34.82538510564049,49.39035531088932,28.14723686649015,SRR30333743,2
trimmed,SRR30333744_1,SRR30333744_1.trim.fastq.gz,Conventional base calls,Sanger / Illumina 1.9,45278477,0,111-151,53,24.0,37.29842035416853,39.12556290265682,36.25352351978061,SRR30333744,1
trimmed,SRR30333744_2,SRR30333744_2.trim.fastq.gz,Conventional base calls,Sanger / Illumina 1.9,45278477,0,80-151,54,24.0,35.70702927000608,39.1827357620708,35.78551104540189,SRR30333744,2
trimmed,SRR30333745_1,SRR30333745_1.trim.fastq.gz,Conventional base calls,Sanger / Illumina 1.9,47813388,0,120-151,53,24.0,36.835209100802174,44.86611992440276,33.544724717816976,SRR30333745,1
trimmed,SRR30333745_2,SRR30333745_2.trim.fastq.gz,Conventional base calls,Sanger / Illumina 1.9,47813388,0,75-151,54,24.0,35.514189019766135,45.064924075240185,32.20055290977823,SRR30333745,2
trimmed,SRR30333746_1,SRR30333746_1.trim.fastq.gz,Conventional base calls,Sanger / Illumina 1.9,42216035,0,121-151,53,24.0,37.13633827482034,40.55942250379506,37.923483549343906,SRR30333746,1
trimmed,SRR30333746_2,SRR30333746_2.trim.fastq.gz,Conventional base calls,Sanger / Illumina 1.9,42216035,0,88-151,53,24.0,35.88553497801475,40.78512347263309,35.493345479226285,SRR30333746,2
trimmed,SRR30333747_1,SRR30333747_1.trim.fastq.gz,Conventional base calls,Sanger / Illumina 1.9,41136868,0,115-151,51,24.0,37.65873927499586,33.97511205763161,41.44198204299306,SRR30333747,1
trimmed,SRR30333747_2,SRR30333747_2.trim.fastq.gz,Conventional base calls,Sanger / Illumina 1.9,41136868,0,80-151,52,24.0,35.928375578342674,34.05929931272357,41.222690402451654,SRR30333747,2
trimmed,SRR30333748_1,SRR30333748_1.trim.fastq.gz,Conventional base calls,Sanger / Illumina 1.9,65409634,0,124-151,52,24.0,37.53736103687855,30.731856717008995,34.688768667404574,SRR30333748,1
trimmed,SRR30333748_2,SRR30333748_2.trim.fastq.gz,Conventional base calls,Sanger / Illumina 1.9,65409634,0,73-151,53,24.0,36.395722083082674,30.84326996845755,34.54142592974324,SRR30333748,2
trimmed,SRR30333749_1,SRR30333749_1.trim.fastq.gz,Conventional base calls,Sanger / Illumina 1.9,53414494,0,107-151,51,40.0,38.1093490545645,26.273672086082104,23.467360972382345,SRR30333749,1
trimmed,SRR30333749_2,SRR30333749_2.trim.fastq.gz,Conventional base calls,Sanger / Illumina 1.9,53414494,0,38-151,52,24.0,36.57472306537717,26.260664380720335,22.570908881387485,SRR30333749,2
trimmed,SRR30333750_1,SRR30333750_1.trim.fastq.gz,Conventional base calls,Sanger / Illumina 1.9,52941542,0,121-151,52,24.0,37.27924607102574,34.80813800247828,37.84809371566401,SRR30333750,1
trimmed,SRR30333750_2,SRR30333750_2.trim.fastq.gz,Conventional base calls,Sanger / Illumina 1.9,52941542,0,79-151,52,24.0,36.16321689042978,34.91067185009458,36.954291966211265,SRR30333750,2
trimmed,SRR30333751_1,SRR30333751_1.trim.fastq.gz,Conventional base calls,Sanger / Illumina 1.9,55234926,0,120-151,52,24.0,37.28098890961034,36.24142992424757,36.66674194827691,SRR30333751,1
trimmed,SRR30333751_2,SRR30333751_2.trim.fastq.gz,Conventional base calls,Sanger / Illumina 1.9,55234926,0,80-151,52,24.0,36.08768621789811,36.43200680670777,35.61540352571399,SRR30333751,2
trimmed,SRR30333752_1,SRR30333752_1.trim.fastq.gz,Conventional base calls,Sanger / Illumina 1.9,59339030,0,118-151,52,24.0,37.52000220250652,31.85324903356189,36.519360198615985,SRR30333752,1
trimmed,SRR30333752_2,SRR30333752_2.trim.fastq.gz,Conventional base calls,Sanger / Illumina 1.9,59339030,0,80-151,52,24.0,36.143473637146755,31.86000175601118,35.78575638611787,SRR30333752,2
trimmed,SRR30333753_1,SRR30333753_1.trim.fastq.gz,Conventional base calls,Sanger / Illumina 1.9,40311762,0,119-151,53,24.0,36.65753674160633,46.555429653509066,36.35170987156243,SRR30333753,1
trimmed,SRR30333753_2,SRR30333753_2.trim.fastq.gz,Conventional base calls,Sanger / Illumina 1.9,40311762,0,88-151,53,16.8,35.300482505184206,46.65650685276421,34.50516533258807,SRR30333753,2
trimmed,SRR30333754_1,SRR30333754_1.trim.fastq.gz,Conventional base calls,Sanger / Illumina 1.9,51091830,0,118-151,52,24.0,36.95595862482469,44.868886082177916,30.81598804849176,SRR30333754,1
trimmed,SRR30333754_2,SRR30333754_2.trim.fastq.gz,Conventional base calls,Sanger / Illumina 1.9,51091830,0,75-151,54,21.6,35.48029044388742,45.08971982408929,30.060343801242155,SRR30333754,2
trimmed,SRR30333755_1,SRR30333755_1.trim.fastq.gz,Conventional base calls,Sanger / Illumina 1.9,40136901,0,103-151,53,24.0,36.29783499442935,48.280817694420406,33.86979369755573,SRR30333755,1
trimmed,SRR30333755_2,SRR30333755_2.trim.fastq.gz,Conventional base calls,Sanger / Illumina 1.9,40136901,0,86-151,53,12.0,34.71438108431039,48.60427066853019,31.754791510829094,SRR30333755,2
trimmed,SRR30333756_1,SRR30333756_1.trim.fastq.gz,Conventional base calls,Sanger / Illumina 1.9,49776986,0,116-151,52,24.0,37.819255126570525,32.40337211256624,29.739155761704428,SRR30333756,1
trimmed,SRR30333756_2,SRR30333756_2.trim.fastq.gz,Conventional base calls,Sanger / Illumina 1.9,49776986,0,84-151,53,24.0,35.99011297918557,32.48929937220385,28.968642135665114,SRR30333756,2
trimmed,SRR30333757_1,SRR30333757_1.trim.fastq.gz,Conventional base calls,Sanger / Illumina 1.9,45214590,0,56-151,49,25.0,34.71712479851463,28.853580227090415,35.52888209449138,SRR30333757,1
trimmed,SRR30333757_2,SRR30333757_2.trim.fastq.gz,Conventional base calls,Sanger / Illumina 1.9,45214441,0,30-151,49,25.0,34.25758527829396,29.050521712742174,35.85761079291436,SRR30333757,2
trimmed,SRR30333758_1,SRR30333758_1.trim.fastq.gz,Conventional base calls,Sanger / Illumina 1.9,40451510,0,39-151,49,25.0,34.59872782269947,25.050132862778177,34.5013749142283,SRR30333758,1
trimmed,SRR30333758_2,SRR30333758_2.trim.fastq.gz,Conventional base calls,Sanger / Illumina 1.9,40451272,0,30-151,49,25.0,34.35930416206857,25.528915382438406,35.89118805742042,SRR30333758,2
trimmed,SRR30333759_1,SRR30333759_1.trim.fastq.gz,Conventional base calls,Sanger / Illumina 1.9,42770472,0,38-151,49,25.0,34.671185875902964,28.76927801965805,35.48933525366398,SRR30333759,1
trimmed,SRR30333759_2,SRR30333759_2.trim.fastq.gz,Conventional base calls,Sanger / Illumina 1.9,42770418,0,30-151,49,25.0,34.277524014258844,28.800097300896148,35.62369143428397,SRR30333759,2
trimmed,SRR30333760_1,SRR30333760_1.trim.fastq.gz,Conventional base calls,Sanger / Illumina 1.9,40865354,0,37-151,49,25.0,34.981002199040475,28.686870056233943,34.7783746969823,SRR30333760,1
trimmed,SRR30333760_2,SRR30333760_2.trim.fastq.gz,Conventional base calls,Sanger / Illumina 1.9,40865285,0,30-151,49,25.0,34.16977149537186,28.21422143513743,36.04312272014808,SRR30333760,2
trimmed,SRR30333761_1,SRR30333761_1.trim.fastq.gz,Conventional base calls,Sanger / Illumina 1.9,41844421,0,66-151,49,25.0,34.54840467445627,31.9011750694316,37.47836399049046,SRR30333761,1
trimmed,SRR30333761_2,SRR30333761_2.trim.fastq.gz,Conventional base calls,Sanger / Illumina 1.9,41844175,0,30-151,49,25.0,34.35463483855343,31.915001311413118,36.24747333310105,SRR30333761,2
trimmed,SRR30333762_1,SRR30333762_1.trim.fastq.gz,Conventional base calls,Sanger / Illumina 1.9,40388094,0,47-151,49,25.0,34.69722614854389,27.724598739420582,34.83281828716763,SRR30333762,1
trimmed,SRR30333762_2,SRR30333762_2.trim.fastq.gz,Conventional base calls,Sanger / Illumina 1.9,40387963,0,30-151,49,25.0,34.43317945977418,28.97347905364774,36.2500977514244,SRR30333762,2
trimmed,SRR30333763_1,SRR30333763_1.trim.fastq.gz,Conventional base calls,Sanger / Illumina 1.9,42844247,0,33-151,49,25.0,35.05872688304521,31.307386496954887,34.23492245996461,SRR30333763,1
trimmed,SRR30333763_2,SRR30333763_2.trim.fastq.gz,Conventional base calls,Sanger / Illumina 1.9,42844155,0,30-151,49,25.0,34.27286566094349,30.858795091185716,35.673103858865176,SRR30333763,2
trimmed,SRR30333764_1,SRR30333764_1.trim.fastq.gz,Conventional base calls,Sanger / Illumina 1.9,40512573,0,56-151,49,25.0,34.89348123611957,30.313887987316924,35.437114284951306,SRR30333764,1
trimmed,SRR30333764_2,SRR30333764_2.trim.fastq.gz,Conventional base calls,Sanger / Illumina 1.9,40512475,0,30-151,49,25.0,34.35458844271778,30.099600184881325,36.37102439309899,SRR30333764,2
trimmed,SRR30333765_1,SRR30333765_1.trim.fastq.gz,Conventional base calls,Sanger / Illumina 1.9,40364475,0,32-151,49,25.0,34.44869563415482,28.849174924237214,38.06785514659004,SRR30333765,1
trimmed,SRR30333765_2,SRR30333765_2.trim.fastq.gz,Conventional base calls,Sanger / Illumina 1.9,40364203,0,30-151,49,25.0,34.22530774336683,28.926001586108363,37.38322188604993,SRR30333765,2
trimmed,SRR30333766_1,SRR30333766_1.trim.fastq.gz,Conventional base calls,Sanger / Illumina 1.9,45014719,0,47-151,49,25.0,35.14901147955051,29.87593458042024,34.48889579259558,SRR30333766,1
trimmed,SRR30333766_2,SRR30333766_2.trim.fastq.gz,Conventional base calls,Sanger / Illumina 1.9,45014642,0,30-151,49,25.0,34.29012574231439,29.499530397242747,35.29751959927878,SRR30333766,2
trimmed,SRR30333767_1,SRR30333767_1.trim.fastq.gz,Conventional base calls,Sanger / Illumina 1.9,42072326,0,34-151,49,25.0,34.71459889343843,30.2297215514065,35.37781937809531,SRR30333767,1
trimmed,SRR30333767_2,SRR30333767_2.trim.fastq.gz,Conventional base calls,Sanger / Illumina 1.9,42072166,0,30-151,49,25.0,34.171426249620275,30.02306322902415,36.11043578095398,SRR30333767,2
trimmed,SRR30333768_1,SRR30333768_1.trim.fastq.gz,Conventional base calls,Sanger / Illumina 1.9,41495290,0,38-151,49,25.0,34.33637846480442,35.43009580123431,35.877409147463894,SRR30333768,1
trimmed,SRR30333768_2,SRR30333768_2.trim.fastq.gz,Conventional base calls,Sanger / Illumina 1.9,41494831,0,30-151,49,25.0,34.06315632748719,35.52641291634613,37.71209860638325,SRR30333768,2
